Date,USD_per_Gold_oz,USD_per_Bitcoin,Gold_oz_per_Bitcoin
2015-01-02,1186.0,315.0320129394531,0.2656256432879031
2015-01-05,1203.9000244140625,274.4739990234375,0.227987368932087
2015-01-06,1219.300048828125,286.1889953613281,0.2347158073489669
2015-01-07,1210.5999755859375,294.3370056152344,0.2431331666538102
2015-01-08,1208.4000244140625,283.3489990234375,0.234482781611023
2015-01-09,1216.0,290.4079895019531,0.2388223597877904
2015-01-12,1232.699951171875,267.7959899902344,0.2172434498238214
2015-01-13,1234.300048828125,225.86099243164065,0.1829871048340949
2015-01-14,1234.4000244140625,178.10299682617188,0.1442830470703471
2015-01-15,1264.699951171875,209.843994140625,0.1659239363029807
2015-01-16,1276.9000244140625,208.0970001220703,0.1629704723496742
2015-01-20,1294.199951171875,211.31500244140625,0.1632784812347306
2015-01-21,1293.699951171875,226.89700317382807,0.1753861109512275
2015-01-22,1300.699951171875,233.406005859375,0.1794464631516947
2015-01-23,1292.5999755859375,232.8789978027344,0.1801632385898584
2015-01-26,1279.4000244140625,273.4729919433594,0.2137509666443879
2015-01-27,1291.699951171875,263.4750061035156,0.2039753937162279
2015-01-28,1285.9000244140625,233.9149932861328,0.1819076046699037
2015-01-29,1254.5999755859375,233.51300048828125,0.1861254623245336
2015-01-30,1278.5,226.4250030517578,0.1771020751284769
2015-02-02,1276.199951171875,238.22900390625,0.1866705947508424
2015-02-03,1259.699951171875,227.2680053710937,0.180414395634191
2015-02-04,1263.800048828125,226.85299682617188,0.1795007026914774
2015-02-05,1262.0,217.11099243164065,0.172037236475151
2015-02-06,1233.9000244140625,222.26600646972656,0.180132913584529
2015-02-09,1240.800048828125,220.1100006103516,0.1773936105323615
2015-02-10,1231.5999755859375,219.8390045166016,0.1784987080825594
2015-02-11,1219.0,219.1849975585937,0.1798072170291991
2015-02-12,1220.0999755859375,221.7640075683593,0.1817588820636276
2015-02-13,1226.5,235.427001953125,0.1919502665740929
2015-02-17,1208.0999755859375,243.6100006103516,0.201647219214783
2015-02-18,1199.699951171875,236.3260040283203,0.1969875916036134
2015-02-19,1207.0999755859375,240.2830047607422,0.1990580810376593
2015-02-20,1204.4000244140625,243.7790069580078,0.2024070093128781
2015-02-23,1200.300048828125,238.8919982910156,0.1990269004189829
2015-02-24,1196.9000244140625,238.7350006103516,0.1994611043033634
2015-02-25,1201.0,237.47000122070312,0.1977268952711932
2015-02-26,1209.5999755859375,236.42599487304688,0.195458002351993
2015-02-27,1212.5999755859375,253.8280029296875,0.2093254230910205
2015-03-02,1207.699951171875,275.6700134277344,0.2282603498991962
2015-03-03,1204.0,281.7019958496094,0.2339717573501739
2015-03-04,1200.5999755859375,273.0920104980469,0.2274629485685003
2015-03-05,1195.9000244140625,276.1780090332031,0.230937372184199
2015-03-06,1164.0999755859375,272.7229919433594,0.2342779809836239
2015-03-09,1166.4000244140625,289.60699462890625,0.2482913139292752
2015-03-10,1160.0999755859375,291.760009765625,0.2514955744381119
2015-03-11,1150.699951171875,296.3789978027344,0.2575641004424319
2015-03-12,1152.0999755859375,294.35400390625,0.2554934555541039
2015-03-13,1152.5999755859375,285.3370056152344,0.2475594409675221
2015-03-16,1153.300048828125,290.5929870605469,0.2519665089373924
2015-03-17,1148.300048828125,285.5050048828125,0.248632755153306
2015-03-18,1151.4000244140625,256.29901123046875,0.2225977121729671
2015-03-19,1169.0999755859375,260.9280090332031,0.2231870793619933
2015-03-20,1184.800048828125,261.7489929199219,0.220922503488091
2015-03-23,1188.0,266.739990234375,0.2245286113083964
2015-03-24,1191.699951171875,245.59500122070312,0.2060879510645224
2015-03-25,1197.300048828125,246.197006225586,0.205626823841321
2015-03-26,1205.0999755859375,248.5319976806641,0.2062335098462051
2015-03-27,1199.800048828125,247.0290069580078,0.205891812722701
2015-03-30,1184.800048828125,247.5260009765625,0.2089179530515619
2015-03-31,1183.0999755859375,244.2239990234375,0.206427186259119
2015-04-01,1208.0999755859375,247.27200317382807,0.2046784274239384
2015-04-02,1200.9000244140625,253.0050048828125,0.2106794901651014
2015-04-06,1218.5999755859375,255.49200439453125,0.2096602736855328
2015-04-07,1210.5999755859375,253.17999267578125,0.2091359638044273
2015-04-08,1203.0999755859375,245.02200317382807,0.2036588879943221
2015-04-09,1193.5999755859375,243.67599487304688,0.2041521446525051
2015-04-10,1204.5999755859375,236.072006225586,0.1959754366678918
2015-04-13,1199.300048828125,224.5870056152344,0.1872650683493973
2015-04-14,1192.800048828125,219.15899658203125,0.18373489906992
2015-04-15,1201.5,223.8329925537109,0.186294625512868
2015-04-16,1198.0,228.572998046875,0.1907954908571577
2015-04-17,1202.9000244140625,222.8820037841797,0.1852872219308054
2015-04-20,1193.5,224.62600708007807,0.18820779813999
2015-04-21,1202.9000244140625,235.2689971923828,0.1955848303411443
2015-04-22,1186.9000244140625,234.17599487304688,0.1973005224164964
2015-04-23,1194.4000244140625,236.4620056152344,0.1979755532332944
2015-04-24,1175.199951171875,231.2680053710937,0.1967903463070093
2015-04-27,1203.300048828125,229.28599548339844,0.1905476491143638
2015-04-28,1214.0,225.85499572753903,0.1860420063653534
2015-04-29,1209.800048828125,225.80799865722656,0.1866490242548393
2015-04-30,1182.4000244140625,236.1450042724609,0.1997166774328192
2015-05-01,1174.5,232.07899475097656,0.1975981223933389
2015-05-04,1186.800048828125,239.0180053710937,0.2013970302808008
2015-05-05,1193.199951171875,236.1210021972656,0.1978888802043317
2015-05-06,1190.300048828125,229.7819976806641,0.1930454408591255
2015-05-07,1182.4000244140625,237.33399963378903,0.2007222553563458
2015-05-08,1189.0999755859375,243.86300659179688,0.205082004540141
2015-05-11,1183.199951171875,242.1580047607422,0.2046636365399626
2015-05-12,1192.5999755859375,241.11199951171875,0.2021734063789979
2015-05-13,1218.4000244140625,236.3769989013672,0.1940060687499104
2015-05-14,1225.4000244140625,236.9290008544922,0.1933482912796433
2015-05-15,1225.5,237.60499572753903,0.1938841254406683
2015-05-18,1227.800048828125,233.1280059814453,0.1898745697265239
2015-05-19,1206.9000244140625,231.947006225586,0.1921841093160917
2015-05-20,1208.9000244140625,234.0180053710937,0.1935792874886565
2015-05-21,1204.4000244140625,235.343994140625,0.1954035115991626
2015-05-22,1204.300048828125,240.34800720214844,0.1995748546518994
2015-05-26,1187.199951171875,237.11599731445312,0.1997270949012404
2015-05-27,1185.9000244140625,237.2830047607422,0.2000868537615391
2015-05-28,1188.0999755859375,237.4080047607422,0.199821571954548
2015-05-29,1189.4000244140625,237.0959930419922,0.1993408341813289
2015-06-01,1188.300048828125,222.92599487304688,0.187600762192084
2015-06-02,1194.0999755859375,225.8029937744141,0.1890989015920663
2015-06-03,1184.699951171875,225.87399291992188,0.1906592405076855
2015-06-04,1174.9000244140625,224.32400512695312,0.1909302923360022
2015-06-05,1167.800048828125,224.9519958496093,0.192628863199095
2015-06-08,1173.199951171875,228.488998413086,0.1947570814206521
2015-06-09,1177.300048828125,229.04800415039065,0.1945536351403222
2015-06-10,1186.0999755859375,228.8029937744141,0.1929036324795341
2015-06-11,1179.9000244140625,229.7050018310547,0.1946817502144947
2015-06-12,1178.800048828125,229.98199462890625,0.1950983925200352
2015-06-15,1185.300048828125,236.822998046875,0.1998000407415959
2015-06-16,1180.5,250.8950042724609,0.2125328286933172
2015-06-17,1176.4000244140625,249.28399658203125,0.211904106943719
2015-06-18,1201.5,249.0070037841797,0.2072467780142985
2015-06-19,1201.5,244.6060028076172,0.2035838558531978
2015-06-22,1183.699951171875,246.9900054931641,0.2086593019190728
2015-06-23,1176.199951171875,244.29600524902344,0.2076993839403119
2015-06-24,1172.5999755859375,240.51499938964844,0.205112574106498
2015-06-25,1171.5,242.7989959716797,0.2072547980978913
2015-06-26,1172.9000244140625,243.593994140625,0.2076852153382088
2015-06-29,1178.5,257.0639953613281,0.2181281250414324
2015-06-30,1171.5,263.0719909667969,0.2245599581449397
2015-07-01,1169.0,258.6210021972656,0.2212326793817499
2015-07-02,1163.0,255.41200256347656,0.2196147915421122
2015-07-06,1172.9000244140625,269.0299987792969,0.2293716371211556
2015-07-07,1152.4000244140625,266.2070007324219,0.2310022519027407
2015-07-08,1163.300048828125,270.7850036621094,0.2327731387399926
2015-07-09,1159.0,269.2279968261719,0.2322933536032544
2015-07-10,1157.699951171875,284.8940124511719,0.2460862265415055
2015-07-13,1155.199951171875,292.0539855957031,0.2528168264718444
2015-07-14,1153.300048828125,287.4639892578125,0.2492534267642721
2015-07-15,1147.199951171875,285.8290100097656,0.2491536106829404
2015-07-16,1143.800048828125,278.0889892578125,0.2431272752110189
2015-07-17,1131.800048828125,279.47198486328125,0.2469269948809852
2015-07-20,1106.699951171875,278.9809875488281,0.2520836720498791
2015-07-21,1103.4000244140625,275.8330078125,0.2499845946251228
2015-07-22,1091.4000244140625,277.22198486328125,0.2540058444767882
2015-07-23,1094.0,276.04901123046875,0.2523299919839751
2015-07-24,1085.5999755859375,288.27801513671875,0.2655471827743222
2015-07-27,1096.5,293.6239929199219,0.2677829392794545
2015-07-28,1096.300048828125,294.427001953125,0.2685642514271971
2015-07-29,1092.699951171875,289.5899963378906,0.2650224300159595
2015-07-30,1088.4000244140625,287.72198486328125,0.2643531591412594
2015-07-31,1094.9000244140625,284.6499938964844,0.2599780688184889
2015-08-03,1089.4000244140625,281.2269897460937,0.2581485069245823
2015-08-04,1090.699951171875,285.2179870605469,0.2614999540011912
2015-08-05,1085.699951171875,281.8819885253906,0.2596315752074363
2015-08-06,1090.199951171875,278.5769958496094,0.2555283510608875
2015-08-07,1094.0999755859375,279.5849914550781,0.2555387969050528
2015-08-10,1104.199951171875,264.4700012207031,0.2395127811226799
2015-08-11,1107.5999755859375,270.385986328125,0.2441188084940924
2015-08-12,1123.199951171875,266.3760070800781,0.2371581362714256
2015-08-13,1115.699951171875,264.0799865722656,0.2366944502371711
2015-08-14,1112.9000244140625,265.67999267578125,0.2387276366676878
2015-08-17,1118.5999755859375,257.9760131835937,0.2306240110978569
2015-08-18,1117.0999755859375,211.07899475097656,0.1889526446728835
2015-08-19,1128.0999755859375,226.6840057373047,0.2009431882307811
2015-08-20,1153.0,235.3500061035156,0.2041196930646276
2015-08-21,1159.5999755859375,232.56900024414065,0.2005596801833539
2015-08-24,1153.4000244140625,210.4949951171875,0.1824995584026633
2015-08-25,1138.199951171875,221.60899353027344,0.1947012853955123
2015-08-26,1124.5999755859375,225.8309936523437,0.200810064516213
2015-08-27,1122.4000244140625,224.7689971923828,0.2002574771055633
2015-08-28,1133.0999755859375,231.39599609375,0.2042149863908458
2015-08-31,1131.5999755859375,230.0559997558593,0.2033015241421664
2015-09-01,1138.699951171875,228.1210021972656,0.2003346025987781
2015-09-02,1132.5,229.28399658203125,0.2024582751276214
2015-09-03,1123.699951171875,227.18299865722656,0.2021740754018043
2015-09-04,1120.5999755859375,230.29800415039065,0.2055131261536685
2015-09-08,1120.4000244140625,243.60699462890625,0.2174285873978857
2015-09-09,1102.199951171875,238.16799926757807,0.2160842041540234
2015-09-10,1109.5,238.4770050048828,0.214940968909313
2015-09-11,1103.5,240.10699462890625,0.2175867645028602
2015-09-14,1107.699951171875,230.6439971923828,0.2082188384574508
2015-09-15,1102.800048828125,230.3040008544922,0.2088356824967694
2015-09-16,1119.199951171875,229.09100341796875,0.2046917560871009
2015-09-17,1117.300048828125,229.8099975585937,0.2056833326013266
2015-09-18,1138.0999755859375,232.9750061035156,0.2047052201926031
2015-09-21,1133.0999755859375,227.0850067138672,0.2004103888506742
2015-09-22,1125.0,230.6179962158203,0.2049937744140625
2015-09-23,1131.5999755859375,230.2830047607422,0.2035021294883845
2015-09-24,1153.800048828125,234.5290069580078,0.2032665947589539
2015-09-25,1146.0,235.1439971923828,0.2051867340247668
2015-09-28,1132.0,239.1419982910156,0.2112561822358795
2015-09-29,1127.0999755859375,236.6869964599609,0.2099964524770006
2015-09-30,1115.5,236.0599975585937,0.2116181062829168
2015-10-01,1114.199951171875,237.5489959716797,0.2132014058354914
2015-10-02,1137.0999755859375,237.29299926757807,0.2086826175027425
2015-10-05,1138.0999755859375,240.38299560546875,0.2112143052122555
2015-10-06,1146.800048828125,246.06300354003903,0.2145648701283909
2015-10-07,1149.0,242.968994140625,0.2114612655706048
2015-10-08,1144.699951171875,242.3040008544922,0.2116746843628637
2015-10-09,1156.300048828125,243.9309997558593,0.2109582197138848
2015-10-12,1164.9000244140625,245.30799865722656,0.2105828770847652
2015-10-13,1165.800048828125,249.50799560546875,0.2140229757721119
2015-10-14,1180.0999755859375,251.988998413086,0.2135319071487732
2015-10-15,1187.9000244140625,254.32000732421875,0.2140920970598206
2015-10-16,1183.5999755859375,262.8689880371094,0.2220927623008583
2015-10-19,1173.300048828125,263.43701171875,0.2245265496936329
2015-10-20,1178.0,269.4630126953125,0.2287461907430496
2015-10-21,1167.5999755859375,266.2720031738281,0.2280507097820079
2015-10-22,1166.5999755859375,274.02301025390625,0.2348902931497793
2015-10-23,1163.300048828125,276.4960021972656,0.2376824469970578
2015-10-26,1167.0,285.29998779296875,0.2444729972519012
2015-10-27,1166.800048828125,293.7879943847656,0.2517894944209433
2015-10-28,1177.0999755859375,304.6180114746094,0.2587868641514298
2015-10-29,1147.199951171875,313.8550109863281,0.2735835288919969
2015-10-30,1141.5,328.0150146484375,0.2873543711331033
2015-11-02,1135.800048828125,361.1889953613281,0.3180040322537308
2015-11-03,1114.199951171875,403.4169921875,0.3620687577334756
2015-11-04,1106.5,411.56298828125,0.3719502831281066
2015-11-05,1104.4000244140625,386.35400390625,0.349831578563419
2015-11-06,1087.5999755859375,374.4700012207031,0.3443085781782588
2015-11-09,1087.9000244140625,380.2569885253906,0.3495330269251488
2015-11-10,1088.199951171875,336.8190002441406,0.3095194039307046
2015-11-11,1084.699951171875,311.0840148925781,0.2867926882051511
2015-11-12,1080.800048828125,338.1520080566406,0.3128719400256203
2015-11-13,1080.800048828125,336.75299072265625,0.3115775124989919
2015-11-16,1083.699951171875,330.7510070800781,0.305205335408953
2015-11-17,1068.699951171875,335.093994140625,0.313552923599538
2015-11-18,1068.800048828125,334.5899963378906,0.3130520032299291
2015-11-19,1078.0,326.14898681640625,0.3025500805346997
2015-11-20,1076.4000244140625,322.0220031738281,0.2991657338071137
2015-11-23,1066.800048828125,323.0459899902344,0.3028177495352563
2015-11-24,1074.300048828125,320.0459899902344,0.2979111751315184
2015-11-25,1070.5,328.2059936523437,0.3065913065411899
2015-11-27,1056.199951171875,358.0419921875,0.3389907297290113
2015-11-30,1065.800048828125,377.3210144042969,0.3540260809888038
2015-12-01,1063.800048828125,362.4880065917969,0.340748251507519
2015-12-02,1054.199951171875,359.18701171875,0.3407200041315395
2015-12-03,1061.699951171875,361.0459899902344,0.3400640544362103
2015-12-04,1084.5,363.1830139160156,0.3348852133849844
2015-12-07,1076.4000244140625,395.5360107421875,0.3674619117158579
2015-12-08,1076.300048828125,415.56298828125,0.3861032885148661
2015-12-09,1077.5999755859375,417.56298828125,0.3874935019873242
2015-12-10,1073.0999755859375,415.47900390625,0.3871764172572912
2015-12-11,1076.9000244140625,451.93798828125,0.4196656867262566
2015-12-14,1064.699951171875,444.1820068359375,0.4171898442815209
2015-12-15,1062.9000244140625,465.3210144042969,0.4377843670300141
2015-12-16,1078.0,454.9339904785156,0.4220166887555803
2015-12-17,1050.800048828125,456.0780029296875,0.4340292936209087
2015-12-18,1066.199951171875,463.6159973144531,0.4348302556240848
2015-12-21,1081.9000244140625,438.6390075683594,0.4054339566226725
2015-12-22,1074.800048828125,436.5719909667969,0.406189031571779
2015-12-23,1069.4000244140625,442.4010009765625,0.4136908461536266
2015-12-24,1077.199951171875,454.9849853515625,0.4223774656289103
2015-12-28,1070.5,422.2789916992188,0.3944689319936653
2015-12-29,1077.5,432.9830017089844,0.4018403728157627
2015-12-30,1060.0999755859375,426.6199951171875,0.4024337373287708
2015-12-31,1060.300048828125,430.5669860839844,0.4060803227915152
2016-01-04,1075.0999755859375,433.0910034179688,0.4028378878735728
2016-01-05,1078.4000244140625,431.9599914550781,0.4005563628299982
2016-01-06,1091.9000244140625,429.1050109863281,0.3929892860077508
2016-01-07,1107.699951171875,458.0480041503906,0.413512705914454
2016-01-08,1097.800048828125,453.2300109863281,0.4128529703292873
2016-01-11,1096.5,448.4280090332031,0.4089630725337009
2016-01-12,1085.5999755859375,435.6900024414063,0.4013356781868465
2016-01-13,1087.5,432.3710021972656,0.3975825307561063
2016-01-14,1073.9000244140625,430.3059997558594,0.4006946549709237
2016-01-15,1091.5,364.33099365234375,0.3337892749906951
2016-01-19,1089.9000244140625,380.1489868164063,0.3487925298660094
2016-01-20,1107.0999755859375,420.2300109863281,0.3795772922530502
2016-01-21,1099.0999755859375,410.2619934082031,0.3732708602686391
2016-01-22,1097.199951171875,382.4920043945313,0.3486073837188991
2016-01-25,1106.199951171875,391.72601318359375,0.3541186317795539
2016-01-26,1121.699951171875,392.1530151367188,0.3496059839594574
2016-01-27,1116.0999755859375,394.9719848632813,0.3538858467010773
2016-01-28,1115.5999755859375,380.28900146484375,0.3408829417238985
2016-01-29,1116.4000244140625,379.4739990234375,0.3399086265898307
2016-02-01,1127.9000244140625,373.0559997558594,0.3307527189297294
2016-02-02,1127.300048828125,374.447998046875,0.3321635605676848
2016-02-03,1141.300048828125,369.9490051269531,0.3241470159462561
2016-02-04,1157.5999755859375,389.593994140625,0.3365532155815966
2016-02-05,1157.800048828125,386.5490112304688,0.3338650845815017
2016-02-08,1197.9000244140625,373.4469909667969,0.3117513843857409
2016-02-09,1198.699951171875,376.0289916992188,0.3136973446370834
2016-02-10,1194.699951171875,381.6489868164063,0.3194517472291254
2016-02-11,1247.9000244140625,379.6539916992188,0.3042343010430511
2016-02-12,1239.0999755859375,384.2630004882813,0.310114605810216
2016-02-16,1207.9000244140625,407.4880065917969,0.3373524284755804
2016-02-17,1211.0999755859375,416.3219909667969,0.3437552632807029
2016-02-18,1226.0999755859375,422.37298583984375,0.3444849475981737
2016-02-19,1230.4000244140625,420.7850036621094,0.3419904058133405
2016-02-22,1209.5,437.74798583984375,0.3619247505910242
2016-02-23,1222.300048828125,420.7359924316406,0.3442166208166476
2016-02-24,1238.699951171875,424.9549865722656,0.343065313089127
2016-02-25,1238.199951171875,424.54400634765625,0.3428719294859067
2016-02-26,1219.800048828125,432.1520080566406,0.3542810221001496
2016-02-29,1233.9000244140625,437.6969909667969,0.3547264626845634
2016-03-01,1230.300048828125,435.12298583984375,0.3536722495088116
2016-03-02,1241.0999755859375,423.989013671875,0.3416235774815038
2016-03-03,1257.4000244140625,421.6510009765625,0.335335607435707
2016-03-04,1269.9000244140625,410.9389953613281,0.3235994861492637
2016-03-07,1263.199951171875,414.3210144042969,0.3279932159749767
2016-03-08,1262.0999755859375,413.9719848632813,0.3280025298083793
2016-03-09,1256.5999755859375,414.8599853515625,0.3301448300268494
2016-03-10,1272.0,417.1310119628906,0.3279331855054171
2016-03-11,1258.699951171875,421.6900024414063,0.3350202739332788
2016-03-14,1244.4000244140625,416.43798828125,0.3346496143612129
2016-03-15,1230.4000244140625,416.8299865722656,0.3387759901669111
2016-03-16,1229.300048828125,417.010986328125,0.339226364406034
2016-03-17,1264.5,420.6210021972656,0.3326381986534327
2016-03-18,1253.800048828125,409.5480041503906,0.3266453885794455
2016-03-21,1243.800048828125,413.3070068359375,0.3322937695856695
2016-03-22,1248.199951171875,418.0889892578125,0.3349535375844942
2016-03-23,1223.699951171875,418.0409851074219,0.341620496680649
2016-03-24,1221.4000244140625,416.3940124511719,0.3409153464287238
2016-03-28,1219.9000244140625,424.2309875488281,0.3477588155247337
2016-03-29,1235.5999755859375,416.5159912109375,0.3370961471680349
2016-03-30,1226.9000244140625,414.8160095214844,0.3381009057519502
2016-03-31,1234.199951171875,416.72900390625,0.3376511265541415
2016-04-01,1222.199951171875,417.9599914550781,0.3419734970978586
2016-04-04,1218.0,421.4440002441406,0.3460131364894422
2016-04-05,1228.4000244140625,424.0299987792969,0.3451888557081037
2016-04-06,1222.5,423.4129943847656,0.34635009765625
2016-04-07,1236.199951171875,422.7449951171875,0.3419713734145029
2016-04-08,1242.5,420.3489990234375,0.3383090535399899
2016-04-11,1256.699951171875,422.4830017089844,0.336184465762904
2016-04-12,1259.4000244140625,425.1900024414063,0.3376131445123851
2016-04-13,1246.800048828125,423.7340087890625,0.3398572282599224
2016-04-14,1225.0,424.2820129394531,0.3463526636240434
2016-04-15,1233.0999755859375,429.7130126953125,0.3484818921443283
2016-04-18,1233.5999755859375,428.5910034179688,0.3474311056259512
2016-04-19,1253.0,435.5090026855469,0.3475730268839161
2016-04-20,1253.199951171875,441.3890075683594,0.3522095633307469
2016-04-21,1249.0,449.4249877929688,0.3598278525163881
2016-04-22,1228.699951171875,445.7369995117188,0.3627712356353528
2016-04-25,1238.9000244140625,461.4259948730469,0.3724481280007062
2016-04-26,1242.199951171875,466.0889892578125,0.3752125322643189
2016-04-27,1249.199951171875,444.68701171875,0.3559774488476316
2016-04-28,1265.5,449.010986328125,0.3548091555338798
2016-04-29,1289.199951171875,455.0969848632813,0.3530072929723592
2016-05-02,1294.699951171875,444.66900634765625,0.3434533275027715
2016-05-03,1290.699951171875,450.3039855957031,0.3488835535996226
2016-05-04,1273.300048828125,446.7219848632813,0.3508379547102189
2016-05-05,1271.4000244140625,447.97601318359375,0.35234859570657
2016-05-06,1292.9000244140625,459.6029968261719,0.3554822400397604
2016-05-09,1265.5999755859375,460.4830017089844,0.3638456151959023
2016-05-10,1263.9000244140625,450.8949890136719,0.3567489360740415
2016-05-11,1274.5999755859375,452.7279968261719,0.3551922214795677
2016-05-12,1270.300048828125,454.7659912109375,0.3579988772183922
2016-05-13,1271.9000244140625,455.6700134277344,0.358259300795007
2016-05-16,1273.4000244140625,454.1629943847656,0.3566538288655542
2016-05-17,1276.199951171875,453.7829895019531,0.3555735831875447
2016-05-18,1273.699951171875,454.6189880371094,0.3569278522927119
2016-05-19,1254.199951171875,438.7149963378906,0.3497966938429336
2016-05-20,1252.4000244140625,442.6759948730469,0.3534621416828489
2016-05-23,1251.0999755859375,444.1549987792969,0.355011595752995
2016-05-24,1228.9000244140625,445.9809875488281,0.3629107158342446
2016-05-25,1223.5,449.5989990234375,0.3674695537584287
2016-05-26,1220.0999755859375,453.3840026855469,0.3715957804751327
2016-05-27,1213.800048828125,473.4639892578125,0.3900675318928541
2016-05-31,1214.800048828125,531.385986328125,0.4374267080749086
2016-06-01,1211.9000244140625,536.9199829101562,0.4430398317466409
2016-06-02,1209.800048828125,537.9719848632812,0.4446784287902689
2016-06-03,1240.0999755859375,569.1939697265625,0.4589903886238066
2016-06-06,1244.5999755859375,585.5369873046875,0.4704619948502138
2016-06-07,1244.4000244140625,576.5969848632812,0.4633534020820816
2016-06-08,1259.800048828125,581.64501953125,0.4616962986088946
2016-06-09,1270.199951171875,574.6300048828125,0.4523933451207143
2016-06-10,1273.4000244140625,577.469970703125,0.4534866967423216
2016-06-13,1284.4000244140625,704.3759765625,0.5484085667810799
2016-06-14,1285.5999755859375,685.5590209960938,0.5332599828991414
2016-06-15,1285.800048828125,694.468994140625,0.5401065233848469
2016-06-16,1296.0999755859375,766.3079833984375,0.5912414148854582
2016-06-17,1292.5,748.9089965820312,0.5794266898120164
2016-06-20,1290.0,737.2260131835938,0.571493033475654
2016-06-21,1270.5,666.6519775390625,0.5247162357647088
2016-06-22,1268.0,596.1160278320312,0.4701230503407186
2016-06-23,1261.199951171875,623.9769897460938,0.4947486631016042
2016-06-24,1320.0,665.2990112304688,0.5040144024473248
2016-06-27,1322.5,655.2750244140625,0.4954820600484405
2016-06-28,1315.300048828125,647.0009765625,0.4919037121141671
2016-06-29,1323.9000244140625,639.8900146484375,0.4833371122050117
2016-06-30,1318.4000244140625,673.3369750976562,0.510722817527941
2016-07-01,1336.699951171875,676.2960205078125,0.5059445239860365
2016-07-05,1356.4000244140625,670.6270141601562,0.4944168402310768
2016-07-06,1364.9000244140625,677.3309936523438,0.4962495285639071
2016-07-07,1360.0999755859375,640.56201171875,0.470966857743522
2016-07-08,1356.5999755859375,666.5230102539062,0.4913187544220795
2016-07-11,1355.0,647.6589965820312,0.4779771192487315
2016-07-12,1334.0999755859375,664.551025390625,0.4981268552221911
2016-07-13,1342.4000244140625,654.468017578125,0.4875357610811952
2016-07-14,1331.300048828125,658.0780029296875,0.4943123103683198
2016-07-15,1326.5,663.2550048828125,0.5000037729987279
2016-07-18,1328.4000244140625,673.1060180664062,0.5067043102195842
2016-07-19,1331.5,672.864013671875,0.5053428566818438
2016-07-20,1318.800048828125,665.6849975585938,0.5047656755473402
2016-07-21,1330.5,665.0120239257812,0.4998211378622933
2016-07-22,1323.0999755859375,650.6190185546875,0.4917383648703943
2016-07-25,1319.300048828125,654.0969848632812,0.4957909199232473
2016-07-26,1320.699951171875,651.7839965820312,0.4935140612397952
2016-07-27,1326.5999755859375,654.3519897460938,0.493254938782188
2016-07-28,1332.300048828125,655.0349731445312,0.4916572462191922
2016-07-29,1349.0,656.9920043945312,0.4870215006631069
2016-08-01,1351.4000244140625,606.27197265625,0.44862510115694
2016-08-02,1364.4000244140625,547.4650268554688,0.4012496460417288
2016-08-03,1356.0999755859375,566.35498046875,0.417635123268874
2016-08-04,1358.800048828125,578.2890014648438,0.4255880046248009
2016-08-05,1336.4000244140625,575.0430297851562,0.4302925914995256
2016-08-08,1333.4000244140625,591.0540161132812,0.4432683405514476
2016-08-09,1339.0,587.801025390625,0.4389850824425877
2016-08-10,1344.300048828125,592.10302734375,0.4404545159839186
2016-08-11,1342.5,589.1199951171875,0.438823087610568
2016-08-12,1335.800048828125,587.5590209960938,0.4398555169327546
2016-08-15,1340.300048828125,567.239990234375,0.4232186596802219
2016-08-16,1350.5,577.4390258789062,0.4275742509284755
2016-08-17,1342.699951171875,573.2160034179688,0.4269129546907931
2016-08-18,1351.199951171875,574.3179931640625,0.425042935108135
2016-08-19,1340.4000244140625,575.6300048828125,0.429446429721188
2016-08-22,1337.699951171875,586.7529907226562,0.4386282515811103
2016-08-23,1340.5999755859375,583.4149780273438,0.4351894589378535
2016-08-24,1324.4000244140625,580.1820068359375,0.4380715766693073
2016-08-25,1320.0999755859375,577.760986328125,0.4376645686033596
2016-08-26,1321.5,579.6510009765625,0.4386311017605467
2016-08-29,1322.9000244140625,574.1069946289062,0.4339761010157885
2016-08-30,1311.699951171875,577.5029907226562,0.4402706504690452
2016-08-31,1306.9000244140625,575.4719848632812,0.4403335940874966
2016-09-01,1312.199951171875,572.302978515625,0.4361400699676321
2016-09-02,1322.0999755859375,575.5369873046875,0.4353203221636979
2016-09-06,1349.4000244140625,610.4359741210938,0.4523758433946655
2016-09-07,1344.300048828125,614.5440063476562,0.4571479461622995
2016-09-08,1336.800048828125,626.3159790039062,0.4685188181680212
2016-09-09,1330.0999755859375,622.8610229492188,0.4682813580797452
2016-09-12,1321.0,608.2429809570312,0.4604413179084264
2016-09-13,1319.0,609.2410278320312,0.4618961545352776
2016-09-14,1321.5,610.6840209960938,0.4621142799819097
2016-09-15,1313.5,607.155029296875,0.4622421235606205
2016-09-16,1305.800048828125,606.9730224609375,0.4648284574699307
2016-09-19,1313.5,609.2269897460938,0.463819558238366
2016-09-20,1313.699951171875,608.31201171875,0.463052473417625
2016-09-21,1326.9000244140625,597.1489868164062,0.4500331417810453
2016-09-22,1340.4000244140625,596.2979736328125,0.4448656839539196
2016-09-23,1337.199951171875,602.8419799804688,0.4508241115714663
2016-09-26,1339.699951171875,608.0430297851562,0.4538650831876817
2016-09-27,1325.9000244140625,606.166015625,0.4571732441839836
2016-09-28,1319.4000244140625,604.72802734375,0.4583356193375136
2016-09-29,1321.699951171875,605.6929931640625,0.458268151275204
2016-09-30,1313.300048828125,609.7349853515625,0.4642769836913027
2016-10-03,1309.0,612.1329956054688,0.4676340684533757
2016-10-04,1266.300048828125,610.2039794921875,0.4818794566555454
2016-10-05,1265.199951171875,612.510986328125,0.4841218858416763
2016-10-06,1249.800048828125,613.02099609375,0.490495256956142
2016-10-07,1248.9000244140625,617.1209716796875,0.4941316035038255
2016-10-11,1253.0,641.072021484375,0.511629705893356
2016-10-12,1251.0999755859375,636.1920166015625,0.5085061378117361
2016-10-13,1255.0,636.7860107421875,0.507399211746763
2016-10-14,1253.0999755859375,640.3779907226562,0.5110350356708144
2016-10-17,1254.4000244140625,639.1929931640625,0.5095607308064533
2016-10-18,1260.800048828125,637.9600219726562,0.5059961907247866
2016-10-19,1267.9000244140625,630.52001953125,0.4972947451614993
2016-10-20,1265.5999755859375,630.8569946289062,0.4984647651694502
2016-10-21,1265.9000244140625,632.8280029296875,0.4999036185520257
2016-10-24,1262.0,653.760986328125,0.518035646852714
2016-10-25,1271.9000244140625,657.5880126953125,0.5170123437950631
2016-10-26,1264.800048828125,678.3040161132812,0.5362934771719452
2016-10-27,1267.9000244140625,688.31298828125,0.5428763901154917
2016-10-28,1275.5,689.6510009765625,0.5406907102913073
2016-10-31,1271.5,700.9719848632812,0.5512953085829975
2016-11-01,1286.4000244140625,729.7930297851562,0.5673142225860629
2016-11-02,1306.800048828125,740.8289794921875,0.5669030852551062
2016-11-03,1302.0999755859375,688.7000122070312,0.5289148491820839
2016-11-04,1303.300048828125,703.2349853515625,0.5395802647163891
2016-11-07,1278.300048828125,703.1309814453125,0.5500515955466827
2016-11-08,1273.4000244140625,709.8480224609375,0.557443072759139
2016-11-09,1272.5999755859375,723.2730102539062,0.5683427818084728
2016-11-10,1265.5,715.5339965820312,0.5654160383895941
2016-11-14,1221.199951171875,705.02099609375,0.5773182314797878
2016-11-15,1224.0,711.6190185546875,0.5813880870544833
2016-11-16,1223.4000244140625,744.197998046875,0.6083030760141619
2016-11-17,1216.5,740.9769897460938,0.6091056224793208
2016-11-18,1208.5,751.5850219726562,0.6219156160303321
2016-11-21,1209.5999755859375,739.2479858398438,0.6111507942795283
2016-11-22,1211.0,751.3469848632812,0.620435165039869
2016-11-23,1189.0999755859375,744.593994140625,0.6261828352773458
2016-11-25,1178.199951171875,741.6489868164062,0.6294763347076519
2016-11-28,1190.5999755859375,735.81298828125,0.6180186488909759
2016-11-29,1187.9000244140625,735.60400390625,0.6192474019596811
2016-11-30,1170.800048828125,745.6909790039062,0.6369071984155465
2016-12-01,1166.9000244140625,756.7739868164062,0.6485336969603771
2016-12-02,1175.0999755859375,777.9439697265625,0.6620236455529309
2016-12-05,1174.0,758.7000122070312,0.646252139869703
2016-12-06,1167.5999755859375,764.2239990234375,0.6545255352886817
2016-12-07,1175.0,768.1320190429688,0.6537293779089096
2016-12-08,1169.800048828125,770.8099975585938,0.6589245729052337
2016-12-09,1159.4000244140625,772.7940063476562,0.6665464810027159
2016-12-12,1163.5,780.0869750976562,0.6704658144371777
2016-12-13,1156.699951171875,780.5560302734375,0.6748128842597781
2016-12-14,1161.300048828125,781.4810180664062,0.6729363516818961
2016-12-15,1127.800048828125,778.0880126953125,0.689916633275383
2016-12-16,1135.300048828125,784.906982421875,0.6913652326819405
2016-12-19,1140.5,792.7139892578125,0.695058298340914
2016-12-20,1131.5,800.8759765625,0.7078002444211224
2016-12-21,1131.0999755859375,834.281005859375,0.7375837891139525
2016-12-22,1128.800048828125,864.5399780273438,0.765892931104029
2016-12-23,1131.9000244140625,921.9840087890624,0.8145454447413191
2016-12-27,1137.300048828125,933.197998046875,0.820538079646126
2016-12-28,1139.4000244140625,975.9210205078124,0.8565218532531459
2016-12-29,1156.4000244140625,973.4970092773438,0.841834130685535
2016-12-30,1150.0,961.2379760742188,0.8358591096297554
2017-01-03,1160.4000244140625,1043.8399658203125,0.8995518302814528
2017-01-04,1163.800048828125,1154.72998046875,0.992206506290743
2017-01-05,1179.699951171875,1013.3800048828124,0.8590150435084398
2017-01-06,1171.9000244140625,902.2009887695312,0.7698617373274842
2017-01-09,1183.5,902.8280029296876,0.7628457988421525
2017-01-10,1184.199951171875,907.6790161132812,0.7664913473565416
2017-01-11,1195.5999755859375,777.7570190429688,0.6505160880936008
2017-01-12,1198.9000244140625,804.833984375,0.671310341134029
2017-01-13,1195.300048828125,823.9840087890625,0.6893532796195385
2017-01-17,1212.0,907.93798828125,0.749123752707302
2017-01-18,1211.300048828125,886.6179809570312,0.7319557047940284
2017-01-19,1200.9000244140625,899.072998046875,0.7486659836530076
2017-01-20,1204.300048828125,895.0260009765625,0.7431918663853667
2017-01-23,1215.0,921.0120239257812,0.7580345875932356
2017-01-24,1210.300048828125,892.68701171875,0.7375749613354934
2017-01-25,1197.300048828125,901.5419921875,0.7529791659742247
2017-01-26,1189.5,917.5859985351562,0.7714047906979036
2017-01-27,1188.0999755859375,919.75,0.7741351897144895
2017-01-30,1193.199951171875,920.3820190429688,0.7713560649571229
2017-01-31,1208.5999755859375,970.4030151367188,0.8029149716524367
2017-02-01,1205.5999755859375,989.0230102539062,0.8203575234589965
2017-02-02,1216.699951171875,1011.7999877929688,0.8315936783086454
2017-02-03,1218.5,1029.9100341796875,0.8452277670740151
2017-02-06,1230.0,1038.1500244140625,0.8440244100927338
2017-02-07,1234.199951171875,1061.3499755859375,0.8599497792705176
2017-02-08,1237.5999755859375,1063.0699462890625,0.8589770259051238
2017-02-09,1235.0999755859375,994.3829956054688,0.8051032428639864
2017-02-10,1234.4000244140625,988.6740112304688,0.8009348603988942
2017-02-13,1224.4000244140625,990.6420288085938,0.8090836401956675
2017-02-14,1223.9000244140625,1004.5499877929688,0.820777814980348
2017-02-15,1231.699951171875,1007.47998046875,0.8179589351369255
2017-02-16,1240.0,1027.43994140625,0.8285805979082661
2017-02-17,1237.5999755859375,1046.2099609375,0.8453538959082278
2017-02-21,1237.5,1115.300048828125,0.901252564709596
2017-02-22,1232.0,1117.43994140625,0.907012939453125
2017-02-23,1250.199951171875,1166.719970703125,0.9332266967451888
2017-02-24,1256.9000244140625,1173.6800537109375,0.933789506653944
2017-02-27,1257.4000244140625,1179.969970703125,0.9384205088217497
2017-02-28,1252.5999755859375,1179.969970703125,0.9420166004323623
2017-03-01,1248.9000244140625,1222.5,0.9788613788950412
2017-03-02,1231.9000244140625,1251.010009765625,1.01551261057946
2017-03-03,1225.5,1274.989990234375,1.0403835089631783
2017-03-06,1224.5,1272.8299560546875,1.039469135201868
2017-03-07,1215.0999755859375,1223.5400390625,1.0069459827554457
2017-03-08,1208.5,1150.0,0.9515928837401738
2017-03-09,1202.4000244140625,1188.489990234375,0.9884314422012208
2017-03-10,1200.699951171875,1116.719970703125,0.9300574799001315
2017-03-13,1202.4000244140625,1231.9200439453125,1.0245509139486548
2017-03-14,1201.9000244140625,1240.0,1.0316997876795215
2017-03-15,1200.0999755859375,1249.6099853515625,1.0412549044019872
2017-03-16,1226.5,1187.81005859375,0.9684550008917652
2017-03-17,1229.800048828125,1100.22998046875,0.8946413537039276
2017-03-20,1233.5999755859375,1054.22998046875,0.854596304582456
2017-03-21,1246.0999755859375,1120.5400390625,0.8992376703447112
2017-03-22,1249.300048828125,1049.1400146484375,0.8397822569786636
2017-03-23,1246.9000244140625,1038.5899658203125,0.8329376417394505
2017-03-24,1248.199951171875,937.52001953125,0.7510976255455366
2017-03-27,1255.4000244140625,1045.77001953125,0.8330173643411757
2017-03-28,1255.300048828125,1047.1500244140625,0.8341830508105379
2017-03-29,1253.4000244140625,1039.969970703125,0.8297191243388466
2017-03-30,1245.0,1026.4300537109375,0.8244418102095884
2017-03-31,1247.300048828125,1071.7900390625,0.8592880598934299
2017-04-03,1250.800048828125,1143.81005859375,0.9144627549906048
2017-04-04,1255.0,1133.25,0.902988047808765
2017-04-05,1245.4000244140625,1124.780029296875,0.9031475889251432
2017-04-06,1250.300048828125,1182.6800537109375,0.9459169859422416
2017-04-07,1254.300048828125,1176.9000244140625,0.9382922575133628
2017-04-10,1251.0999755859375,1187.1300048828125,0.9488690177032691
2017-04-11,1271.199951171875,1205.010009765625,0.947931132828292
2017-04-12,1275.300048828125,1200.3699951171875,0.9412451573417636
2017-04-13,1285.9000244140625,1169.280029296875,0.9093086609354976
2017-04-17,1289.4000244140625,1193.9100341796875,0.9259423077196168
2017-04-18,1291.699951171875,1211.6700439453125,0.9380429586964398
2017-04-19,1281.4000244140625,1210.2900390625,0.9445060215414944
2017-04-20,1281.9000244140625,1229.0799560546875,0.958795485331613
2017-04-21,1287.4000244140625,1222.050048828125,0.9492387957537284
2017-04-24,1275.800048828125,1250.1500244140625,0.979894949496496
2017-04-25,1265.5999755859375,1265.489990234375,0.999913096275534
2017-04-26,1262.0999755859375,1281.0799560546875,1.0150384128325003
2017-04-27,1263.699951171875,1317.72998046875,1.042755425642591
2017-04-28,1266.0999755859375,1316.47998046875,1.0397914902885117
2017-05-01,1253.300048828125,1421.5999755859375,1.134285422644943
2017-05-02,1255.0999755859375,1452.8199462890625,1.1575332440037858
2017-05-03,1246.4000244140625,1490.0899658203125,1.1955150326002355
2017-05-04,1226.5,1537.6700439453125,1.25370570236063
2017-05-05,1224.800048828125,1555.449951171875,1.2699623523530328
2017-05-08,1225.300048828125,1723.3499755859375,1.4064718084636874
2017-05-09,1214.300048828125,1755.3599853515625,1.4455735112961527
2017-05-10,1217.300048828125,1787.1300048828125,1.468109696211097
2017-05-11,1222.699951171875,1848.5699462890625,1.5118753742627808
2017-05-12,1226.199951171875,1724.239990234375,1.4061654370370222
2017-05-15,1228.5999755859375,1738.4300537109375,1.4149683283868328
2017-05-16,1235.0,1734.449951171875,1.4044129159286438
2017-05-17,1257.5,1839.0899658203125,1.462496990711978
2017-05-18,1251.699951171875,1888.6500244140625,1.5088680179669718
2017-05-19,1252.699951171875,1987.7099609375,1.5867406708829503
2017-05-22,1260.699951171875,2173.39990234375,1.7239628670751364
2017-05-23,1254.800048828125,2320.419921875,1.849234803618371
2017-05-24,1252.4000244140625,2443.639892578125,1.9511656379289728
2017-05-25,1255.800048828125,2304.97998046875,1.835467344199969
2017-05-26,1267.5999755859375,2202.419921875,1.7374723605977902
2017-05-30,1262.0999755859375,2175.469970703125,1.7236906844033095
2017-05-31,1272.0,2286.409912109375,1.797492069268377
2017-06-01,1267.0,2407.8798828125,1.9004576817778216
2017-06-02,1276.800048828125,2488.550048828125,1.9490522820015324
2017-06-05,1279.300048828125,2686.81005859375,2.1002188353349505
2017-06-06,1294.4000244140625,2863.199951171875,2.211990031804861
2017-06-07,1290.0999755859375,2732.159912109375,2.117789290607872
2017-06-08,1276.300048828125,2805.6201171875,2.1982449344600186
2017-06-09,1268.5,2823.81005859375,2.226101741106622
2017-06-12,1266.0999755859375,2659.6298828125,2.100647606111557
2017-06-13,1265.800048828125,2717.02001953125,2.1464843693493783
2017-06-14,1272.800048828125,2506.3701171875,1.9691782063452392
2017-06-15,1252.199951171875,2464.580078125,1.968200107194155
2017-06-16,1254.0,2518.56005859375,2.008421099357057
2017-06-19,1244.199951171875,2589.60009765625,2.0813375657322464
2017-06-20,1241.0,2721.7900390625,2.1932232385676875
2017-06-21,1243.4000244140625,2689.10009765625,2.162699087064484
2017-06-22,1247.5999755859375,2705.409912109375,2.168491475674144
2017-06-23,1256.199951171875,2744.909912109375,2.185089968797342
2017-06-26,1246.300048828125,2478.449951171875,1.9886462762336563
2017-06-27,1246.4000244140625,2552.449951171875,2.0478577512639182
2017-06-28,1248.0,2574.7900390625,2.063133044120593
2017-06-29,1244.199951171875,2539.320068359375,2.040926031195922
2017-06-30,1240.699951171875,2480.840087890625,1.9995487914281
2017-07-03,1217.9000244140625,2564.06005859375,2.1053124289305534
2017-07-05,1220.4000244140625,2601.989990234375,2.1320795953635288
2017-07-06,1222.199951171875,2608.56005859375,2.134315302575981
2017-07-07,1208.5999755859375,2518.659912109375,2.0839483393902203
2017-07-10,1212.0999755859375,2372.56005859375,1.9573963422009293
2017-07-11,1213.5999755859375,2337.7900390625,1.92632670244888
2017-07-12,1218.0999755859375,2398.840087890625,1.9693293949346984
2017-07-13,1216.300048828125,2357.89990234375,1.938584072750411
2017-07-14,1226.5999755859375,2233.340087890625,1.820756670750605
2017-07-17,1232.800048828125,2228.409912109375,1.8076004411483084
2017-07-18,1241.0999755859375,2318.8798828125,1.8684070005865
2017-07-19,1241.199951171875,2273.429931640625,1.831638753686844
2017-07-20,1244.800048828125,2817.60009765625,2.2634961336230544
2017-07-21,1254.300048828125,2667.760009765625,2.126891418252017
2017-07-24,1253.9000244140625,2754.860107421875,2.197033299133397
2017-07-25,1251.699951171875,2576.47998046875,2.0583846616408192
2017-07-26,1249.0,2529.449951171875,2.025180105021517
2017-07-27,1259.5999755859375,2671.780029296875,2.1211337576074683
2017-07-28,1268.4000244140625,2809.010009765625,2.214608921237799
2017-07-31,1266.5999755859375,2875.340087890625,2.2701248565558148
2017-08-01,1272.5999755859375,2718.260009765625,2.1359893618684604
2017-08-02,1271.800048828125,2710.669921875,2.1313648512379704
2017-08-03,1267.800048828125,2804.72998046875,2.212281016285862
2017-08-04,1258.300048828125,2895.889892578125,2.3014303267929725
2017-08-07,1258.199951171875,3378.93994140625,2.685534948764812
2017-08-08,1256.4000244140625,3419.93994140625,2.7220151822276355
2017-08-09,1273.0,3342.469970703125,2.625663763317459
2017-08-10,1283.699951171875,3381.280029296875,2.6340111847867123
2017-08-11,1287.699951171875,3650.6201171875,2.834992821010238
2017-08-14,1284.199951171875,4325.1298828125,3.367956741367009
2017-08-15,1273.699951171875,4181.93017578125,3.2832930329734573
2017-08-16,1276.9000244140625,4376.6298828125,3.4275431115453427
2017-08-17,1286.4000244140625,4331.68994140625,3.367296221390601
2017-08-18,1285.699951171875,4160.6201171875,3.236073948198587
2017-08-21,1290.800048828125,4001.739990234375,3.1002013006332185
2017-08-22,1285.0999755859375,4100.52001953125,3.190817911004652
2017-08-23,1288.9000244140625,4151.52001953125,3.220979083632605
2017-08-24,1286.5,4334.68017578125,3.3693588618587254
2017-08-25,1292.5,4371.60009765625,3.382282474008704
2017-08-28,1309.699951171875,4382.66015625,3.346308558940194
2017-08-29,1313.0999755859375,4579.02001953125,3.487183081766473
2017-08-30,1308.0999755859375,4565.2998046875,3.4900236143208887
2017-08-31,1316.199951171875,4703.39013671875,3.5734617164596454
2017-09-01,1324.5,4892.009765625,3.693476606738392
2017-09-05,1339.199951171875,4376.52978515625,3.268018178559924
2017-09-06,1333.9000244140625,4597.1201171875,3.446375315276616
2017-09-07,1345.0999755859375,4599.8798828125,3.419730849975484
2017-09-08,1346.0,4228.75,3.1417161961367013
2017-09-11,1331.0,4161.27001953125,3.1264237562218256
2017-09-12,1328.0,4130.81005859375,3.1105497429169806
2017-09-13,1323.4000244140625,3882.590087890625,2.933799317110976
2017-09-14,1324.699951171875,3154.949951171875,2.381633628340439
2017-09-15,1320.4000244140625,3637.52001953125,2.754862126835712
2017-09-18,1306.300048828125,4065.199951171875,3.1119955593806683
2017-09-19,1306.199951171875,3924.969970703125,3.0048768315921195
2017-09-20,1312.0,3905.949951171875,2.977095999368807
2017-09-21,1290.5999755859375,3631.0400390625,2.813451191500289
2017-09-22,1293.300048828125,3630.699951171875,2.807314477766932
2017-09-25,1306.800048828125,3926.070068359375,3.004338783029649
2017-09-26,1297.0,3892.35009765625,3.0010409388251733
2017-09-27,1283.4000244140625,4200.669921875,3.273079197417672
2017-09-28,1285.5,4174.72998046875,3.2475534659422403
2017-09-29,1281.5,4163.06982421875,3.24859135717421
2017-10-02,1272.699951171875,4409.31982421875,3.4645399492305646
2017-10-03,1271.5,4317.47998046875,3.395580008233386
2017-10-04,1273.699951171875,4229.35986328125,3.320530757177154
2017-10-05,1269.9000244140625,4328.41015625,3.40846529099576
2017-10-06,1271.5999755859375,4370.81005859375,3.4372523926636087
2017-10-09,1281.800048828125,4772.02001953125,3.7229051628559615
2017-10-10,1290.5999755859375,4781.990234375,3.7052458738843206
2017-10-11,1285.800048828125,4826.47998046875,3.753678485910459
2017-10-12,1293.300048828125,5446.91015625,4.211636859664169
2017-10-13,1301.5,5647.2099609375,4.339001122502881
2017-10-16,1299.9000244140625,5725.58984375,4.404638615443401
2017-10-17,1283.0,5605.509765625,4.3690645094505065
2017-10-18,1279.9000244140625,5590.68994140625,4.368067688697533
2017-10-19,1286.9000244140625,5708.52001953125,4.435869073924676
2017-10-20,1277.4000244140625,6011.4501953125,4.706004446860665
2017-10-23,1277.699951171875,5930.31982421875,4.641402559951268
2017-10-24,1275.0,5526.64013671875,4.334619715073529
2017-10-25,1275.4000244140625,5750.7998046875,4.509016539598627
2017-10-26,1266.300048828125,5904.830078125,4.663057609126305
2017-10-27,1268.5,5780.89990234375,4.55727229195408
2017-10-30,1274.0999755859375,6130.52978515625,4.811655209660389
2017-10-31,1267.0,6468.39990234375,5.105288005006906
2017-11-01,1274.0999755859375,6767.31005859375,5.311443519557071
2017-11-02,1274.9000244140625,7078.5,5.552200066239109
2017-11-03,1266.5,7207.759765625,5.691085484109752
2017-11-06,1279.4000244140625,7022.759765625,5.489103979688661
2017-11-07,1273.699951171875,7144.3798828125,5.6091545549948965
2017-11-08,1281.5999755859375,7459.68994140625,5.820607118844348
2017-11-09,1285.5999755859375,7143.580078125,5.556611865109264
2017-11-10,1272.4000244140625,6618.14013671875,5.201304628838238
2017-11-13,1277.300048828125,6559.490234375,5.135434106021593
2017-11-14,1281.5,6635.75,5.1781115879828326
2017-11-15,1276.5,7315.5400390625,5.730936184146103
2017-11-16,1277.4000244140625,7871.68994140625,6.162274769813753
2017-11-17,1295.800048828125,7708.990234375,5.949212798183434
2017-11-20,1274.5999755859375,8200.6396484375,6.43389283344968
2017-11-21,1281.0999755859375,8071.259765625,6.300257528249068
2017-11-22,1291.5999755859375,8253.5498046875,6.390174946343783
2017-11-24,1286.699951171875,8253.6904296875,6.4146193696287686
2017-11-27,1293.800048828125,9818.349609375,7.588768927832464
2017-11-28,1294.699951171875,10058.7998046875,7.76921308723535
2017-11-29,1282.0999755859375,9888.6103515625,7.712823133814715
2017-11-30,1273.199951171875,10233.599609375,8.037700284197953
2017-12-01,1278.800048828125,10975.599609375,8.58273317977497
2017-12-04,1274.300048828125,11657.2001953125,9.147924153367743
2017-12-05,1261.5999755859375,11916.7001953125,9.445704205707443
2017-12-06,1262.800048828125,14291.5,11.31731030044105
2017-12-07,1249.800048828125,17899.69921875,14.322050343599884
2017-12-08,1245.199951171875,16569.400390625,13.306618246355782
2017-12-11,1243.699951171875,16936.80078125,13.618076261313124
2017-12-12,1238.5,17415.400390625,14.061687840633832
2017-12-13,1245.4000244140625,16408.19921875,13.175043276934051
2017-12-14,1253.800048828125,16564.0,13.211037928640764
2017-12-15,1254.300048828125,17706.900390625,14.116957427505731
2017-12-18,1262.199951171875,19114.19921875,15.143558832341611
2017-12-19,1260.699951171875,17776.69921875,14.100658290837396
2017-12-20,1266.0999755859375,16624.599609375,13.130558352377594
2017-12-21,1267.300048828125,15802.900390625,12.469738642587425
2017-12-22,1275.4000244140625,13831.7998046875,10.845067853156136
2017-12-26,1284.0999755859375,16099.7998046875,12.537808668161626
2017-12-27,1287.0,15838.5,12.306526806526806
2017-12-28,1294.0999755859375,14606.5,11.286995035593389
2017-12-29,1306.300048828125,14656.2001953125,11.219627686962502
2018-01-02,1313.699951171875,14982.099609375,11.40450648263353
2018-01-03,1316.199951171875,15201.0,11.549157091569432
2018-01-04,1319.4000244140625,15599.2001953125,11.82294975493881
2018-01-05,1320.300048828125,17429.5,13.20116591336198
2018-01-08,1318.5999755859375,15170.099609375,11.504701873389587
2018-01-09,1311.699951171875,14595.400390625,11.127087698360777
2018-01-10,1317.4000244140625,14973.2998046875,11.365795906484172
2018-01-11,1320.5999755859375,13405.7998046875,10.151294905741215
2018-01-12,1333.4000244140625,13980.599609375,10.484925268783096
2018-01-16,1335.4000244140625,11490.5,8.604537808842501
2018-01-17,1338.0,11188.599609375,8.362182069786995
2018-01-18,1326.0,11474.900390625,8.653771033653847
2018-01-19,1331.9000244140625,11607.400390625,8.71491867096511
2018-01-22,1330.9000244140625,10931.400390625,8.213539852805713
2018-01-23,1335.699951171875,10868.400390625,8.136857668587634
2018-01-24,1355.9000244140625,11359.400390625,8.377756608960784
2018-01-25,1362.4000244140625,11259.400390625,8.264386515603164
2018-01-26,1351.5999755859375,11171.400390625,8.265315620312911
2018-01-30,1335.4000244140625,10106.2998046875,7.567994323739714
2018-01-31,1339.0,10221.099609375,7.633382830003734
2018-02-01,1344.300048828125,9170.5400390625,6.821795511394046
2018-02-02,1333.699951171875,8830.75,6.621241900954358
2018-02-05,1333.0,6955.27001953125,5.2177569538869095
2018-02-06,1326.0999755859375,7754.0,5.84722128252351
2018-02-07,1311.5999755859375,7621.2998046875,5.810689193770989
2018-02-08,1316.9000244140625,8265.58984375,6.276550755952538
2018-02-09,1313.0999755859375,8736.98046875,6.653705453654696
2018-02-12,1324.199951171875,8926.5703125,6.741104547391251
2018-02-13,1328.0999755859375,8598.3095703125,6.474143308766387
2018-02-14,1355.5,9494.6298828125,7.004522230035042
2018-02-15,1352.0999755859375,10166.400390625,7.518970915016364
2018-02-16,1353.199951171875,10233.900390625,7.562740733002845
2018-02-20,1328.800048828125,11403.7001953125,8.581953474015505
2018-02-21,1330.0,10690.400390625,8.037895030545112
2018-02-22,1330.5999755859375,10005.0,7.519164424750752
2018-02-23,1328.199951171875,10301.099609375,7.75568437590011
2018-02-26,1330.699951171875,10366.7001953125,7.790411494479361
2018-02-27,1315.5,10725.599609375,8.153249417996959
2018-02-28,1315.5,10397.900390625,7.904143208380844
2018-03-01,1302.9000244140625,10951.0,8.405096166089075
2018-03-02,1321.0999755859375,11086.400390625,8.391795167286967
2018-03-05,1318.0999755859375,11573.2998046875,8.780289825544378
2018-03-06,1333.5999755859375,10779.900390625,8.08330877922271
2018-03-07,1326.0,9965.5703125,7.515513056184012
2018-03-08,1319.9000244140625,9395.009765625,7.11797074918283
2018-03-09,1322.4000244140625,9337.5498046875,7.061062940334444
2018-03-12,1319.4000244140625,9205.1201171875,6.97674696593661
2018-03-13,1325.9000244140625,9194.849609375,6.934798582146764
2018-03-14,1324.4000244140625,8269.8095703125,6.244193157555404
2018-03-15,1316.800048828125,8300.8603515625,6.303812305406413
2018-03-16,1311.300048828125,8338.349609375,6.358841835495063
2018-03-19,1316.800048828125,8630.650390625,6.5542603816773655
2018-03-20,1311.0999755859375,8913.4697265625,6.798466854199294
2018-03-21,1320.699951171875,8929.2802734375,6.761021127860593
2018-03-22,1326.5999755859375,8728.4697265625,6.579579290816191
2018-03-23,1349.300048828125,8879.6201171875,6.580908467986422
2018-03-26,1354.4000244140625,8209.400390625,6.061281927528414
2018-03-27,1341.300048828125,7833.0400390625,5.839886493634379
2018-03-28,1324.199951171875,7954.47998046875,6.007008211584124
2018-03-29,1322.800048828125,7165.7001953125,5.417069799521575
2018-04-02,1342.0999755859375,7083.7998046875,5.278146139295499
2018-04-03,1332.800048828125,7456.10986328125,5.594319920559047
2018-04-04,1335.800048828125,6853.83984375,5.1308875529408455
2018-04-05,1324.300048828125,6811.47021484375,5.143449342066573
2018-04-06,1331.9000244140625,6636.31982421875,4.982596067702784
2018-04-09,1336.300048828125,6770.72998046875,5.066773728255399
2018-04-10,1342.0,6834.759765625,5.092965548155738
2018-04-11,1356.5,6968.31982421875,5.136984757993918
2018-04-12,1338.4000244140625,7889.25,5.894538147108769
2018-04-13,1344.800048828125,7895.9599609375,5.871475070080593
2018-04-16,1347.5,8058.669921875,5.980460053339518
2018-04-17,1347.199951171875,7902.08984375,5.865565714188373
2018-04-18,1351.199951171875,8163.419921875,6.041607620541276
2018-04-19,1346.800048828125,8294.3095703125,6.15853079121101
2018-04-20,1336.699951171875,8845.830078125,6.61766320135639
2018-04-23,1322.5,8930.8798828125,6.753028266776938
2018-04-24,1331.4000244140625,9697.5,7.2836862116385985
2018-04-25,1321.199951171875,8845.740234375,6.6952320324633865
2018-04-26,1316.300048828125,9281.509765625,7.051211290228348
2018-04-27,1320.300048828125,8987.0498046875,6.80682380695528
2018-04-30,1316.199951171875,9240.5498046875,7.020627676258613
2018-05-01,1303.800048828125,9119.009765625,6.994178113293755
2018-05-02,1302.5999755859375,9235.919921875,7.090373172869502
2018-05-03,1310.699951171875,9743.8603515625,7.434089200087843
2018-05-04,1312.699951171875,9700.759765625,7.389929249989631
2018-05-07,1312.199951171875,9373.009765625,7.142973719252411
2018-05-08,1312.0,9234.8203125,7.038734994283536
2018-05-09,1311.300048828125,9325.1796875,7.111400396754101
2018-05-10,1320.800048828125,9043.9404296875,6.847319878365921
2018-05-11,1319.0,8441.490234375,6.399916781178924
2018-05-14,1316.5,8716.7900390625,6.621184989793012
2018-05-15,1288.9000244140625,8510.3798828125,6.602823897595426
2018-05-16,1290.199951171875,8368.830078125,6.486459769684288
2018-05-17,1288.199951171875,8094.31982421875,6.283434351053461
2018-05-18,1290.199951171875,8250.9697265625,6.395109315473335
2018-05-21,1290.199951171875,8418.990234375,6.52533758564176
2018-05-22,1291.699951171875,8041.77978515625,6.225733598472671
2018-05-23,1289.300048828125,7557.81982421875,5.861955741868023
2018-05-24,1303.699951171875,7587.33984375,5.819851290881664
2018-05-25,1303.300048828125,7480.14013671875,5.739384528869305
2018-05-29,1298.699951171875,7472.58984375,5.75390014992081
2018-05-30,1301.5,7406.52001953125,5.690756834061659
2018-05-31,1300.0999755859375,7494.169921875,5.764302794096645
2018-06-01,1294.800048828125,7541.4501953125,5.824412967962107
2018-06-04,1293.0999755859375,7514.47021484375,5.811205905745027
2018-06-05,1297.5,7633.759765625,5.883437198940269
2018-06-06,1297.0999755859375,7653.97998046875,5.900840432142655
2018-06-07,1298.699951171875,7678.240234375,5.91225111500665
2018-06-08,1298.0999755859375,7624.919921875,5.873908069702611
2018-06-11,1298.9000244140625,6906.919921875,5.317514660137705
2018-06-12,1295.0999755859375,6582.35986328125,5.082510993256112
2018-06-13,1296.9000244140625,6349.89990234375,4.896213881415127
2018-06-14,1304.0,6675.35009765625,5.119133510472584
2018-06-15,1274.5999755859375,6456.580078125,5.065573671580286
2018-06-18,1276.199951171875,6734.81982421875,5.27724501010557
2018-06-19,1275.5999755859375,6769.93994140625,5.307259384586087
2018-06-20,1271.199951171875,6776.5498046875,5.330829188941075
2018-06-21,1267.199951171875,6729.740234375,5.310716929993174
2018-06-22,1267.4000244140625,6083.68994140625,4.800133994173488
2018-06-25,1265.5999755859375,6249.18017578125,4.937721473080824
2018-06-26,1256.5999755859375,6093.669921875,4.849331561568426
2018-06-27,1252.800048828125,6157.1298828125,4.9146947979223885
2018-06-28,1247.800048828125,5903.43994140625,4.731078466418143
2018-06-29,1251.300048828125,6218.2998046875,4.969471399374674
2018-07-02,1239.800048828125,6614.18017578125,5.3348765246727154
2018-07-03,1251.5999755859375,6529.58984375,5.216994224287331
2018-07-05,1257.300048828125,6639.14013671875,5.280473935324194
2018-07-06,1254.300048828125,6673.5,5.320497281519647
2018-07-09,1258.0999755859375,6741.75,5.358675884927309
2018-07-10,1253.800048828125,6329.9501953125,5.048612178017414
2018-07-11,1242.800048828125,6394.7099609375,5.145405302298847
2018-07-12,1245.0,6228.81005859375,5.0030602880271084
2018-07-13,1239.5999755859375,6238.0498046875,5.0323087508443045
2018-07-16,1238.0999755859375,6741.75,5.445238779533479
2018-07-17,1225.699951171875,7321.0400390625,5.972946341445925
2018-07-18,1226.300048828125,7370.77978515625,6.010584271116929
2018-07-19,1222.4000244140625,7466.85986328125,6.108360368252093
2018-07-20,1229.5,7354.1298828125,5.981398847346482
2018-07-23,1224.0,7711.10986328125,6.29992635888991
2018-07-24,1223.9000244140625,8424.26953125,6.88313535681404
2018-07-25,1231.4000244140625,8181.39013671875,6.643974317453586
2018-07-26,1225.300048828125,7951.580078125,6.48949625500291
2018-07-27,1222.5999755859375,8165.009765625,6.67839843666926
2018-07-30,1221.300048828125,8180.47998046875,6.698173793015216
2018-07-31,1223.699951171875,7780.43994140625,6.358127197729574
2018-08-01,1217.9000244140625,7624.91015625,6.260702851958953
2018-08-02,1210.5999755859375,7567.14990234375,6.250743478398969
2018-08-03,1214.199951171875,7434.39013671875,6.122871385016537
2018-08-06,1208.5999755859375,6951.7998046875,5.751944353066216
2018-08-07,1209.5999755859375,6753.1201171875,5.5829367175013775
2018-08-08,1212.5999755859375,6305.7998046875,5.200230852421459
2018-08-09,1211.9000244140625,6568.22998046875,5.419778734342713
2018-08-10,1211.0999755859375,6184.7099609375,5.106688205443403
2018-08-13,1191.300048828125,6297.56982421875,5.286300315704371
2018-08-14,1193.0,6199.7099609375,5.196739279914082
2018-08-15,1177.5,6308.52001953125,5.357554156714437
2018-08-16,1176.199951171875,6334.72998046875,5.38575943159776
2018-08-17,1176.5,6580.6298828125,5.593395565501488
2018-08-20,1186.800048828125,6308.52978515625,5.315579310420019
2018-08-21,1192.5999755859375,6488.759765625,5.440851835031274
2018-08-22,1196.300048828125,6376.7099609375,5.330360027305872
2018-08-23,1187.0,6534.8798828125,5.5053747959667225
2018-08-24,1206.300048828125,6719.9599609375,5.570720126775828
2018-08-27,1209.0,6884.64013671875,5.694491428220637
2018-08-28,1207.4000244140625,7096.27978515625,5.877322876981052
2018-08-29,1204.5,7047.16015625,5.8506933634288085
2018-08-30,1197.699951171875,6978.22998046875,5.826359075694197
2018-08-31,1200.300048828125,7037.580078125,5.863184030522967
2018-09-04,1192.699951171875,7361.66015625,6.172264993401632
2018-09-05,1194.9000244140625,6792.830078125,5.684852238124247
2018-09-06,1197.9000244140625,6529.169921875,5.450513222143609
2018-09-07,1193.5999755859375,6467.06982421875,5.418121612346774
2018-09-10,1193.0,6329.7001953125,5.305700079893127
2018-09-11,1195.4000244140625,6321.2001953125,5.287937147576102
2018-09-12,1204.699951171875,6351.7998046875,5.27251603065873
2018-09-13,1202.0,6517.31005859375,5.422054957232737
2018-09-14,1195.0,6512.7099609375,5.449966494508368
2018-09-17,1199.699951171875,6281.2001953125,5.235642619787541
2018-09-18,1196.800048828125,6371.2998046875,5.323612587521289
2018-09-19,1202.199951171875,6398.5400390625,5.322359257147998
2018-09-20,1206.199951171875,6519.669921875,5.405131972970866
2018-09-21,1196.199951171875,6734.9501953125,5.630287970430451
2018-09-24,1199.300048828125,6595.41015625,5.499382879784412
2018-09-25,1200.0,6446.47021484375,5.372058512369792
2018-09-26,1194.0,6495.0,5.439698492462312
2018-09-27,1182.300048828125,6676.75,5.647255116514524
2018-09-28,1191.5,6644.1298828125,5.576273506347041
2018-10-01,1187.0999755859375,6589.6201171875,5.551023715534108
2018-10-02,1202.4000244140625,6556.10009765625,5.452511613887467
2018-10-03,1198.300048828125,6502.58984375,5.426512207947579
2018-10-04,1197.199951171875,6576.68994140625,5.493393091913076
2018-10-05,1201.199951171875,6622.47998046875,5.513220321069731
2018-10-08,1184.4000244140625,6652.22998046875,5.616539887999151
2018-10-09,1187.199951171875,6642.64013671875,5.595215978708436
2018-10-10,1189.300048828125,6585.52978515625,5.537315660287151
2018-10-11,1223.5,6256.240234375,5.113396186657131
2018-10-12,1218.0999755859375,6274.580078125,5.15112076503143
2018-10-15,1226.4000244140625,6596.5400390625,5.378783355956089
2018-10-16,1227.300048828125,6596.10986328125,5.374488389843608
2018-10-17,1223.699951171875,6544.43017578125,5.348067693811692
2018-10-18,1226.5,6476.7099609375,5.280644077405218
2018-10-19,1225.300048828125,6465.41015625,5.276593404557119
2018-10-22,1221.199951171875,6487.16015625,5.312119567336095
2018-10-23,1233.4000244140625,6475.740234375,5.250316285222515
2018-10-24,1227.800048828125,6495.83984375,5.2906333160272805
2018-10-25,1229.0999755859375,6476.2900390625,5.269132021563273
2018-10-26,1232.5,6474.75,5.253346855983772
2018-10-29,1224.5,6332.6298828125,5.171604640924867
2018-10-30,1222.5999755859375,6334.27001953125,5.180983270096597
2018-10-31,1212.300048828125,6317.60986328125,5.211259266539001
2018-11-01,1236.0,6377.77978515625,5.160016007407969
2018-11-02,1230.9000244140625,6388.43994140625,5.190055906000407
2018-11-05,1229.800048828125,6419.66015625,5.220084486390521
2018-11-06,1223.800048828125,6461.009765625,5.279465196795729
2018-11-07,1226.199951171875,6530.14013671875,5.325510028342374
2018-11-08,1222.9000244140625,6453.72021484375,5.2773898814303895
2018-11-09,1206.4000244140625,6385.6201171875,5.29312001654587
2018-11-12,1201.300048828125,6371.27001953125,5.303645850798441
2018-11-13,1199.199951171875,6359.490234375,5.303110818308838
2018-11-14,1207.9000244140625,5738.35009765625,4.7506829883871005
2018-11-15,1212.800048828125,5648.02978515625,4.657016455939041
2018-11-16,1220.800048828125,5575.5498046875,4.567127770055057
2018-11-19,1223.0999755859375,4871.490234375,3.982904367274856
2018-11-20,1219.0,4451.8701171875,3.652067364386793
2018-11-21,1225.800048828125,4602.169921875,3.7544213889326494
2018-11-23,1221.0,4347.10986328125,3.560286538313882
2018-11-26,1220.199951171875,3779.1298828125,3.0971398410424777
2018-11-27,1211.199951171875,3820.719970703125,3.154491516455607
2018-11-28,1221.4000244140625,4257.419921875,3.485688420480748
2018-11-29,1224.0999755859375,4278.8466796875,3.4955042602948776
2018-11-30,1220.199951171875,4017.2685546875,3.2923034874975463
2018-12-03,1233.9000244140625,3894.130859375,3.1559533044212325
2018-12-04,1241.0999755859375,3956.893798828125,3.18821519351012
2018-12-06,1238.0999755859375,3521.101806640625,2.843955961613071
2018-12-07,1246.800048828125,3419.937255859375,2.742971705105237
2018-12-10,1243.699951171875,3502.656005859375,2.816319163282913
2018-12-11,1241.9000244140625,3424.588134765625,2.757539308674521
2018-12-12,1244.4000244140625,3486.9501953125,2.802113570316236
2018-12-13,1242.699951171875,3313.67724609375,2.6665143448094035
2018-12-14,1237.0,3242.48486328125,2.621248878966249
2018-12-17,1247.4000244140625,3545.86474609375,2.8426043584209
2018-12-18,1249.199951171875,3696.05908203125,2.9587409754250915
2018-12-19,1252.0999755859375,3745.95068359375,2.9917344913618265
2018-12-20,1263.5999755859375,4134.44140625,3.271954325840216
2018-12-21,1253.800048828125,3896.543701171875,3.107787166553242
2018-12-24,1267.5,4078.59912109375,3.217829681336292
2018-12-26,1269.199951171875,3857.297607421875,3.039156756869052
2018-12-27,1277.300048828125,3654.83349609375,2.861374271023416
2018-12-28,1279.9000244140625,3923.918701171875,3.0658009425136488
2018-12-31,1278.300048828125,3742.700439453125,2.9278731882113487
2019-01-02,1281.0,3943.409423828125,3.078383625158568
2019-01-03,1291.800048828125,3836.7412109375,2.9700735918210057
2019-01-04,1282.699951171875,3857.717529296875,3.007497993410277
2019-01-07,1286.800048828125,4025.248291015625,3.1281070393814296
2019-01-08,1283.199951171875,4030.847900390625,3.141246924697493
2019-01-09,1289.300048828125,4035.29638671875,3.129834975486525
2019-01-10,1284.699951171875,3678.924560546875,2.863644975771223
2019-01-11,1287.0999755859375,3687.365478515625,2.8648632961375005
2019-01-14,1289.0999755859375,3706.05224609375,2.8749145266326064
2019-01-15,1286.199951171875,3630.67529296875,2.82279228020557
2019-01-16,1291.5999755859375,3655.0068359375,2.829828820861813
2019-01-17,1291.0,3678.56396484375,2.8493911424041443
2019-01-18,1281.300048828125,3657.83935546875,2.8547874940098565
2019-01-22,1282.5,3604.5771484375,2.810586470516569
2019-01-23,1283.0999755859375,3585.123046875,2.7941104474246647
2019-01-24,1279.0999755859375,3600.865478515625,2.8151556150770154
2019-01-25,1297.4000244140625,3599.765869140625,2.774599816094783
2019-01-28,1302.4000244140625,3470.450439453125,2.6646578427503087
2019-01-29,1308.199951171875,3448.116943359375,2.635772108285572
2019-01-30,1309.9000244140625,3486.181640625,2.6614104707604844
2019-01-31,1319.699951171875,3457.792724609375,2.62013552515396
2019-02-01,1316.9000244140625,3487.9453125,2.6486029674514704
2019-02-04,1314.300048828125,3459.154052734375,2.6319363343390845
2019-02-05,1314.199951171875,3466.357421875,2.637617981026435
2019-02-06,1309.5,3413.767822265625,2.6069246447236543
2019-02-07,1309.4000244140625,3399.4716796875,2.596205602797903
2019-02-08,1313.699951171875,3666.7802734375,2.7911855139878625
2019-02-11,1307.0,3648.4306640625,2.7914542188695486
2019-02-12,1309.199951171875,3653.528564453125,2.790657424927967
2019-02-13,1310.800048828125,3632.070556640625,2.7708806998349984
2019-02-14,1309.800048828125,3616.880859375,2.761399239991642
2019-02-15,1318.0999755859375,3620.810791015625,2.7469925332530707
2019-02-19,1340.0999755859375,3947.094482421875,2.94537314702664
2019-02-20,1343.300048828125,3999.820556640625,2.9776076909473868
2019-02-21,1323.5,3954.1181640625,2.987622337788062
2019-02-22,1329.199951171875,4005.526611328125,3.013486878175624
2019-02-25,1325.9000244140625,3882.6962890625,2.928347701613724
2019-02-26,1325.0999755859375,3854.35791015625,2.908729892966692
2019-02-27,1317.699951171875,3851.04736328125,2.9225525582332943
2019-02-28,1312.800048828125,3854.785400390625,2.936308087306678
2019-03-01,1296.4000244140625,3859.583740234375,2.9771549425716817
2019-03-04,1284.800048828125,3761.55712890625,2.9277373800983213
2019-03-05,1282.0,3896.375,3.0392940717628707
2019-03-06,1284.9000244140625,3903.942626953125,3.0383240351586056
2019-03-07,1283.800048828125,3911.484375,3.0468018587243946
2019-03-08,1297.0,3901.131591796875,3.007811558825656
2019-03-11,1288.800048828125,3905.227294921875,3.0301265882731805
2019-03-12,1296.300048828125,3909.15625,3.015626091763197
2019-03-13,1307.5,3906.71728515625,2.98792908998566
2019-03-14,1293.4000244140625,3924.369140625,3.03414957982765
2019-03-15,1301.800048828125,3960.9111328125,3.0426417147380627
2019-03-18,1300.300048828125,4032.50732421875,3.101212929933352
2019-03-19,1305.0,4071.190185546875,3.1196859659363025
2019-03-20,1300.5,4087.476318359375,3.1430037050052864
2019-03-21,1306.0999755859375,4029.326904296875,3.0850064923163742
2019-03-22,1311.5999755859375,4023.96826171875,3.0679843981554686
2019-03-25,1321.9000244140625,3963.070556640625,2.998010805240186
2019-03-26,1314.300048828125,3985.080810546875,3.032093633489636
2019-03-27,1309.9000244140625,4087.066162109375,3.1201359538393625
2019-03-28,1289.800048828125,4069.107177734375,3.1548356517984693
2019-03-29,1293.0,4098.37451171875,3.1696631954514696
2019-04-01,1288.4000244140625,4158.18310546875,3.227400672675247
2019-04-02,1290.0,4879.8779296875,3.782851108284884
2019-04-03,1289.9000244140625,4973.02197265625,3.855354584488241
2019-04-04,1289.0,4922.798828125,3.8190836525407295
2019-04-05,1290.4000244140625,5036.68115234375,3.90319362759682
2019-04-08,1297.0999755859375,5289.77099609375,4.078152105202382
2019-04-09,1303.5,5204.95849609375,3.993063671725163
2019-04-10,1309.0999755859375,5324.5517578125,4.067337756560033
2019-04-11,1288.5999755859375,5064.48779296875,3.930224964241431
2019-04-12,1290.5999755859375,5089.5390625,3.94354498588095
2019-04-15,1286.800048828125,5067.1083984375,3.937758941687997
2019-04-16,1272.5999755859375,5235.5595703125,4.1140654335640034
2019-04-17,1272.199951171875,5251.93798828125,4.128233131469213
2019-04-18,1271.9000244140625,5298.3857421875,4.165725010209316
2019-04-22,1273.5,5399.365234375,4.2397842437181
2019-04-23,1269.300048828125,5572.3623046875,4.390106428997743
2019-04-24,1275.5,5464.86669921875,4.284489768105645
2019-04-25,1275.800048828125,5210.515625,4.084116182458273
2019-04-26,1284.9000244140625,5279.34814453125,4.108761805758956
2019-04-29,1278.5999755859375,5247.3525390625,4.103982980805097
2019-04-30,1282.800048828125,5350.7265625,4.171130619606729
2019-05-01,1281.4000244140625,5402.697265625,4.216245639682625
2019-05-02,1269.699951171875,5505.28369140625,4.335893441852246
2019-05-03,1279.199951171875,5768.28955078125,4.509294692746759
2019-05-06,1281.699951171875,5746.80712890625,4.483738275601765
2019-05-07,1283.5,5829.50146484375,4.5418788195120765
2019-05-08,1279.4000244140625,5982.45751953125,4.6759867167198825
2019-05-09,1283.5,6174.52880859375,4.810696383789443
2019-05-10,1285.699951171875,6378.84912109375,4.961382409075796
2019-05-13,1300.0999755859375,7814.9150390625,6.011010834409426
2019-05-14,1294.699951171875,7994.416015625,6.174724891577384
2019-05-15,1296.300048828125,8205.16796875,6.329682681233868
2019-05-16,1285.0,7884.9091796875,6.136116093142023
2019-05-17,1274.5,7343.8955078125,5.762177722881522
2019-05-20,1276.0999755859375,7978.30908203125,6.252103467338371
2019-05-21,1272.0,7963.32763671875,6.260477701822917
2019-05-22,1273.5999755859375,7680.06640625,6.030203009949555
2019-05-23,1284.800048828125,7881.8466796875,6.134687406710941
2019-05-24,1283.0,7987.37158203125,6.225542932214537
2019-05-28,1276.5,8719.9619140625,6.831149168869957
2019-05-29,1280.5999755859375,8659.4873046875,6.762054872541567
2019-05-30,1287.0999755859375,8319.47265625,6.463734608077089
2019-05-31,1305.800048828125,8574.501953125,6.566473910626735
2019-06-03,1322.699951171875,8208.9951171875,6.206241339855317
2019-06-04,1323.4000244140625,7707.77099609375,5.824218568762969
2019-06-05,1328.300048828125,7824.2314453125,5.890409664755583
2019-06-06,1337.5999755859375,7822.0234375,5.847804710129089
2019-06-07,1341.199951171875,8043.951171875,5.997577888999018
2019-06-10,1324.699951171875,8000.32958984375,6.039352219169619
2019-06-11,1326.4000244140625,7927.71435546875,5.976865357018385
2019-06-12,1331.9000244140625,8145.857421875,6.115967619610619
2019-06-13,1339.199951171875,8230.923828125,6.146150036014025
2019-06-14,1340.0999755859375,8693.8330078125,6.487451060516033
2019-06-17,1338.699951171875,9320.3525390625,6.9622416366741655
2019-06-18,1346.5999755859375,9081.7626953125,6.74421718399394
2019-06-19,1344.5999755859375,9273.521484375,6.896862749334701
2019-06-20,1392.9000244140625,9527.16015625,6.839801844542071
2019-06-21,1396.199951171875,10144.556640625,7.265833688155017
2019-06-24,1414.300048828125,11011.1025390625,7.785549147216809
2019-06-25,1414.9000244140625,11790.9169921875,8.333392316584591
2019-06-26,1411.5999755859375,13016.2314453125,9.220906538985751
2019-06-27,1408.4000244140625,11182.806640625,7.940078420033676
2019-06-28,1409.699951171875,12407.33203125,8.801399206218218
2019-07-01,1385.5999755859375,10583.134765625,7.637943816468128
2019-07-02,1404.5999755859375,10801.677734375,7.690216376281093
2019-07-03,1417.699951171875,11961.26953125,8.437095255143925
2019-07-05,1396.699951171875,10978.4599609375,7.860285204224593
2019-07-08,1397.0,12285.9580078125,8.7945297121063
2019-07-09,1397.5,12573.8125,8.997361359570663
2019-07-10,1410.0999755859375,12156.5126953125,8.621028938221999
2019-07-11,1404.300048828125,11358.662109375,8.08848658721738
2019-07-12,1409.9000244140625,11815.986328125,8.38072638025209
2019-07-15,1411.4000244140625,10895.08984375,7.719349337742187
2019-07-16,1409.199951171875,9477.6416015625,6.725547778852106
2019-07-17,1421.300048828125,9693.802734375,6.820377401919904
2019-07-18,1426.0999755859375,10666.482421875,7.479477318897291
2019-07-19,1425.0999755859375,10530.732421875,7.389469231830724
2019-07-22,1425.300048828125,10343.1064453125,7.256792318092287
2019-07-23,1420.0999755859375,9900.767578125,6.97188067624599
2019-07-24,1422.800048828125,9811.92578125,6.896208493478402
2019-07-25,1413.9000244140625,9911.841796875,7.010284762518898
2019-07-26,1418.5,9870.3037109375,6.9582683898043705
2019-07-29,1419.5999755859375,9519.1455078125,6.705512589124615
2019-07-30,1429.699951171875,9607.423828125,6.719888197695
2019-07-31,1426.0999755859375,10085.6279296875,7.072174533586713
2019-08-01,1420.9000244140625,10399.6689453125,7.319071550865106
2019-08-02,1445.5999755859375,10518.1748046875,7.275992655177117
2019-08-05,1464.5999755859375,11805.6533203125,8.06066742940471
2019-08-06,1472.4000244140625,11478.1689453125,7.795550635011844
2019-08-07,1507.300048828125,11941.96875,7.922754835233023
2019-08-08,1497.699951171875,11966.4072265625,7.989856190620416
2019-08-09,1496.5999755859375,11862.9365234375,7.926591418520512
2019-08-12,1505.300048828125,11382.6162109375,7.561692580691044
2019-08-13,1502.199951171875,10895.830078125,7.253248856535443
2019-08-14,1515.9000244140625,10051.7041015625,6.630848960799881
2019-08-15,1519.5999755859375,10311.5458984375,6.785697594172114
2019-08-16,1512.5,10374.3388671875,6.8590670196281
2019-08-19,1500.4000244140625,10916.0537109375,7.275428907834393
2019-08-20,1504.5999755859375,10763.232421875,7.15355084176674
2019-08-21,1504.5999755859375,10138.0498046875,6.73803666701472
2019-08-22,1497.300048828125,10131.0556640625,6.76621607806108
2019-08-23,1526.5999755859375,10407.96484375,6.817742047817883
2019-08-26,1526.300048828125,10370.8203125,6.794745450255729
2019-08-27,1541.0,10185.5,6.609669046073978
2019-08-28,1537.800048828125,9754.4228515625,6.343102186136503
2019-08-29,1526.5,9510.2001953125,6.230068912749754
2019-08-30,1519.0999755859375,9598.173828125,6.318329262313926
2019-09-03,1545.9000244140625,10623.5400390625,6.872074436436539
2019-09-04,1550.300048828125,10594.4931640625,6.833833987214861
2019-09-05,1515.4000244140625,10575.533203125,6.978707293616473
2019-09-06,1506.199951171875,10353.302734375,6.873790379769815
2019-09-09,1502.199951171875,10334.974609375,6.879892787449917
2019-09-10,1490.300048828125,10115.9755859375,6.787878450310758
2019-09-11,1494.4000244140625,10178.3720703125,6.811009036421373
2019-09-12,1498.699951171875,10410.126953125,6.946104819036681
2019-09-13,1490.9000244140625,10360.546875,6.9491895535193855
2019-09-16,1503.0999755859375,10276.7939453125,6.837066138136557
2019-09-17,1505.0999755859375,10241.2724609375,6.804380192053726
2019-09-18,1507.5,10198.248046875,6.7650069962686565
2019-09-19,1498.4000244140625,10266.4150390625,6.851584938459341
2019-09-20,1507.300048828125,10181.6416015625,6.754887064110681
2019-09-23,1523.699951171875,9729.32421875,6.385328168624796
2019-09-24,1532.0999755859375,8620.56640625,5.626634386540698
2019-09-25,1504.5999755859375,8486.9931640625,5.640697395835995
2019-09-26,1507.5,8118.9677734375,5.385716599295191
2019-09-27,1499.0999755859375,8251.845703125,5.504533278308998
2019-09-30,1465.699951171875,8293.8681640625,5.658639858336136
2019-10-01,1482.0,8343.2763671875,5.629741138453104
2019-10-02,1501.0,8393.0419921875,5.59163357241006
2019-10-03,1507.0999755859375,8259.9921875,5.480719475354408
2019-10-04,1506.199951171875,8205.939453125,5.448107634541151
2019-10-07,1497.699951171875,8245.623046875,5.50552401395434
2019-10-08,1497.199951171875,8228.783203125,5.496115062443223
2019-10-09,1506.0999755859375,8595.740234375,5.707283961033787
2019-10-10,1494.800048828125,8586.4736328125,5.744228895057916
2019-10-11,1482.699951171875,8321.7568359375,5.612569710655396
2019-10-14,1491.699951171875,8374.6865234375,5.614189714800467
2019-10-15,1477.5999755859375,8205.369140625,5.553173576205013
2019-10-16,1488.0,8047.52685546875,5.408284177062332
2019-10-17,1492.300048828125,8103.9111328125,5.4304837282397385
2019-10-18,1488.199951171875,7973.20751953125,5.357618452582794
2019-10-21,1482.4000244140625,8243.720703125,5.561063523581252
2019-10-22,1481.699951171875,8078.203125,5.451983121556397
2019-10-23,1489.9000244140625,7514.671875,5.043742366509
2019-10-24,1498.9000244140625,7493.48876953125,4.999325270183075
2019-10-25,1499.5,8660.7001953125,5.775725371999
2019-10-28,1490.0,9256.1484375,6.212180159395973
2019-10-29,1487.0,9427.6875,6.340072293207801
2019-10-30,1493.199951171875,9205.7265625,6.165099694301004
2019-10-31,1511.4000244140625,9199.5849609375,6.086796885228305
2019-11-01,1508.0,9261.1044921875,6.141315976251658
2019-11-04,1508.0,9412.6123046875,6.241785347936008
2019-11-05,1480.800048828125,9342.52734375,6.309107938741281
2019-11-06,1490.199951171875,9360.8798828125,6.281626754484336
2019-11-07,1464.199951171875,9267.5615234375,6.32943712094799
2019-11-08,1461.300048828125,8804.880859375,6.025375053149411
2019-11-11,1455.5,8757.7880859375,6.017030632729303
2019-11-12,1452.0999755859375,8815.662109375,6.070974628188248
2019-11-13,1461.699951171875,8808.2626953125,6.026040219985458
2019-11-14,1471.800048828125,8708.0947265625,5.916628915385653
2019-11-15,1467.300048828125,8491.9921875,5.787495334905919
2019-11-18,1470.9000244140625,8309.2861328125,5.649116863753218
2019-11-19,1473.300048828125,8206.1455078125,5.569907850298203
2019-11-20,1473.300048828125,8027.26806640625,5.448495079322916
2019-11-21,1463.0999755859375,7642.75,5.223669009316507
2019-11-22,1463.0999755859375,7296.57763671875,4.987067021032955
2019-11-25,1456.5999755859375,7146.1337890625,4.906037284662091
2019-11-26,1459.800048828125,7218.37109375,4.944766990208453
2019-11-27,1453.4000244140625,7531.66357421875,5.182099523670461
2019-11-29,1465.5999755859375,7761.24365234375,5.295608475457878
2019-12-02,1462.300048828125,7321.98828125,5.007172288011465
2019-12-03,1478.199951171875,7320.1455078125,4.95206720985838
2019-12-04,1474.0,7252.03466796875,4.91996924556903
2019-12-05,1476.9000244140625,7448.3076171875,5.043203665828703
2019-12-06,1459.0999755859375,7546.99658203125,5.172364271338274
2019-12-09,1459.300048828125,7400.8994140625,5.071540578653247
2019-12-10,1462.5999755859375,7278.11962890625,4.976151887320069
2019-12-11,1469.4000244140625,7217.42724609375,4.91181919571001
2019-12-12,1466.699951171875,7243.13427734375,4.938388571947914
2019-12-13,1475.5999755859375,7269.6845703125,4.9265957512813205
2019-12-16,1475.0,6932.48046875,4.6999867584745765
2019-12-17,1474.5999755859375,6640.51513671875,4.503265459556324
2019-12-18,1472.5999755859375,7276.802734375,4.941466015901304
2019-12-19,1478.199951171875,7202.84423828125,4.872713080913742
2019-12-20,1474.699951171875,7218.81640625,4.895108595150861
2019-12-23,1482.5,7355.62841796875,4.96163805596543
2019-12-24,1499.0999755859375,7322.5322265625,4.884619001945096
2019-12-26,1509.300048828125,7238.966796875,4.796241014167856
2019-12-27,1513.800048828125,7290.08837890625,4.8157538272968825
2019-12-30,1514.5,7292.9951171875,4.815447419734236
2019-12-31,1519.5,7193.59912109375,4.734188299502304
2020-01-02,1524.5,6985.47021484375,4.582138546962119
2020-01-03,1549.199951171875,7344.88427734375,4.741082177150725
2020-01-06,1566.199951171875,7769.21923828125,4.960553875939085
2020-01-07,1571.800048828125,8163.6923828125,5.193849172417981
2020-01-08,1557.4000244140625,8079.86279296875,5.18804588821592
2020-01-09,1551.699951171875,7879.0712890625,5.077702865887227
2020-01-10,1557.5,8166.55419921875,5.243373482644462
2020-01-13,1548.4000244140625,8144.1943359375,5.259748261124824
2020-01-14,1542.4000244140625,8827.7646484375,5.723395039358257
2020-01-15,1552.0999755859375,8807.0107421875,5.674254803633214
2020-01-16,1549.0,8723.7861328125,5.6318825905826335
2020-01-17,1558.800048828125,8929.0380859375,5.728148451528581
2020-01-21,1556.4000244140625,8745.89453125,5.6193101992160175
2020-01-22,1555.300048828125,8680.8759765625,5.581479910004052
2020-01-23,1564.5999755859375,8406.515625,5.372948840710411
2020-01-24,1571.0999755859375,8445.4345703125,5.375491503755385
2020-01-27,1576.800048828125,8909.8193359375,5.650570180131122
2020-01-28,1569.199951171875,9358.58984375,5.963924378637041
2020-01-29,1569.800048828125,9316.6298828125,5.93491501657646
2020-01-30,1583.5,9508.9931640625,6.005047782799179
2020-01-31,1582.9000244140625,9350.529296875,5.907214070791526
2020-02-03,1577.199951171875,9293.521484375,5.892418064982707
2020-02-04,1550.4000244140625,9180.962890625,5.921673597815332
2020-02-05,1557.800048828125,9613.423828125,6.171153888046685
2020-02-06,1565.0999755859375,9729.8017578125,6.216728585769664
2020-02-07,1568.5999755859375,9795.943359375,6.245023276706228
2020-02-10,1574.699951171875,9856.611328125,6.25935837540975
2020-02-11,1565.5999755859375,10208.236328125,6.520335007225898
2020-02-12,1567.4000244140625,10326.0546875,6.588014882391089
2020-02-13,1575.0999755859375,10214.3798828125,6.484908920789456
2020-02-14,1582.699951171875,10312.1162109375,6.515521911340253
2020-02-18,1600.0,10141.99609375,6.33874755859375
2020-02-19,1607.5,9633.38671875,5.992775563763608
2020-02-20,1616.5999755859375,9608.4755859375,5.943632148364287
2020-02-21,1644.5999755859375,9686.44140625,5.889846497656014
2020-02-24,1672.4000244140625,9650.1748046875,5.770255120672166
2020-02-25,1646.9000244140625,9341.705078125,5.672296399077784
2020-02-26,1640.0,8820.5224609375,5.378367354230183
2020-02-27,1640.0,8784.494140625,5.356398866234756
2020-02-28,1564.0999755859375,8672.455078125,5.544693570419727
2020-03-02,1592.300048828125,8869.669921875,5.570350844617982
2020-03-03,1642.0999755859375,8787.7861328125,5.351553659013255
2020-03-04,1641.0999755859375,8755.24609375,5.334986426176767
2020-03-05,1666.4000244140625,9078.7626953125,5.448129238059009
2020-03-06,1670.800048828125,9122.5458984375,5.459986612303442
2020-03-09,1674.5,7923.64453125,4.731946569871604
2020-03-10,1659.0999755859375,7909.7294921875,4.767482134037193
2020-03-11,1641.4000244140625,7911.43017578125,4.819928145550885
2020-03-12,1589.300048828125,4970.7880859375,3.127658675655818
2020-03-13,1515.699951171875,5563.70703125,3.670717959018457
2020-03-16,1485.9000244140625,5014.47998046875,3.374708862021937
2020-03-17,1524.9000244140625,5225.62939453125,3.4268668836431946
2020-03-18,1477.300048828125,5238.4384765625,3.545954310851012
2020-03-19,1478.5999755859375,6191.19287109375,4.1871993597459065
2020-03-20,1484.0,6198.7783203125,4.177074339833221
2020-03-23,1567.0,6416.31494140625,4.0946489734564455
2020-03-24,1660.199951171875,6734.8037109375,4.0566220389198575
2020-03-25,1632.300048828125,6681.06298828125,4.093036076962552
2020-03-26,1650.0999755859375,6716.4404296875,4.070323331349996
2020-03-27,1623.9000244140625,6469.79833984375,3.984111239962688
2020-03-30,1622.0,6429.841796875,3.9641441411066585
2020-03-31,1583.4000244140625,6438.64453125,4.066341058465388
2020-04-01,1578.199951171875,6606.7763671875,4.186273331387262
2020-04-02,1625.699951171875,6793.62451171875,4.178891994689186
2020-04-03,1633.699951171875,6733.38720703125,4.121556839247807
2020-04-06,1677.0,7271.78125,4.336184406678592
2020-04-07,1664.800048828125,7176.41455078125,4.310676561928758
2020-04-08,1665.4000244140625,7334.0986328125,4.4038060077445085
2020-04-09,1736.199951171875,7302.08935546875,4.20578825067936
2020-04-13,1744.800048828125,6845.03759765625,3.9231071791026375
2020-04-14,1756.699951171875,6842.427734375,3.895046350864012
2020-04-15,1727.199951171875,6642.10986328125,3.845594054570633
2020-04-16,1720.4000244140625,7116.80419921875,4.136714774601684
2020-04-17,1689.199951171875,7096.1845703125,4.200914501204877
2020-04-20,1701.5999755859375,6881.95849609375,4.04440443984138
2020-04-21,1678.199951171875,6880.3232421875,4.099823288269684
2020-04-22,1728.699951171875,7117.20751953125,4.117086666605468
2020-04-23,1733.300048828125,7429.724609375,4.286461893541281
2020-04-24,1723.5,7550.90087890625,4.381143532872788
2020-04-27,1711.9000244140625,7795.60107421875,4.553771226732107
2020-04-28,1710.5,7807.05859375,4.564196780912014
2020-04-29,1703.4000244140625,8801.0380859375,5.166747657506281
2020-04-30,1684.199951171875,8658.5537109375,5.141048546470289
2020-05-01,1694.5,8864.7666015625,5.231494010954559
2020-05-04,1706.9000244140625,8912.654296875,5.22154441935432
2020-05-05,1704.4000244140625,9003.0703125,5.282251926507141
2020-05-06,1684.199951171875,9268.76171875,5.503361826071036
2020-05-07,1721.800048828125,9951.5185546875,5.7797178955016335
2020-05-08,1709.9000244140625,9842.666015625,5.756281580847291
2020-05-11,1695.300048828125,8601.7958984375,5.073907656867871
2020-05-12,1704.4000244140625,8804.4775390625,5.165734224915479
2020-05-13,1713.9000244140625,9269.9873046875,5.408709477005035
2020-05-14,1738.0999755859375,9733.7216796875,5.600208167775923
2020-05-15,1753.4000244140625,9328.197265625,5.320062242352383
2020-05-18,1731.800048828125,9726.5751953125,5.616453932943519
2020-05-19,1744.199951171875,9729.0380859375,5.577937368591746
2020-05-20,1750.5999755859375,9522.9814453125,5.439838671381847
2020-05-21,1720.5,9081.76171875,5.278559557541413
2020-05-22,1734.5999755859375,9182.5771484375,5.293772211276367
2020-05-26,1704.800048828125,8835.052734375,5.182456875484132
2020-05-27,1710.300048828125,9181.017578125,5.36807420687131
2020-05-28,1713.300048828125,9525.7509765625,5.559884845084777
2020-05-29,1736.9000244140625,9439.1240234375,5.434465939754798
2020-06-01,1737.800048828125,10167.2685546875,5.850655005760724
2020-06-02,1725.199951171875,9529.8037109375,5.523883596486424
2020-06-03,1697.800048828125,9656.7177734375,5.687782716287981
2020-06-04,1718.9000244140625,9800.63671875,5.701690953254151
2020-06-05,1676.199951171875,9665.533203125,5.7663366452001
2020-06-08,1698.300048828125,9771.4892578125,5.753688380657531
2020-06-09,1714.699951171875,9795.7001953125,5.712778021961124
2020-06-10,1713.300048828125,9870.0947265625,5.760867591939612
2020-06-11,1732.0,9321.78125,5.382090790993072
2020-06-12,1729.300048828125,9480.84375,5.4824746905112125
2020-06-15,1720.300048828125,9450.7021484375,5.493635924079264
2020-06-16,1729.5999755859375,9538.0244140625,5.514584036017518
2020-06-17,1729.199951171875,9480.2548828125,5.482451509663617
2020-06-18,1724.800048828125,9411.8408203125,5.456772120749391
2020-06-19,1745.9000244140625,9288.0185546875,5.3199028723335005
2020-06-22,1756.699951171875,9648.7177734375,5.492524643722422
2020-06-23,1772.0999755859375,9629.658203125,5.434037772017345
2020-06-24,1765.800048828125,9313.6103515625,5.274442232428007
2020-06-25,1762.0999755859375,9264.8134765625,5.25782509785334
2020-06-26,1772.5,9162.91796875,5.16948827574048
2020-06-29,1774.800048828125,9190.8544921875,5.178529546613484
2020-06-30,1793.0,9137.9931640625,5.096482523180424
2020-07-01,1773.199951171875,9228.3251953125,5.2043342259363765
2020-07-02,1784.0,9123.41015625,5.114019145880045
2020-07-06,1788.5,9375.474609375,5.242088123776908
2020-07-07,1804.199951171875,9252.27734375,5.1281884459316185
2020-07-08,1815.5,9428.3330078125,5.193243187999173
2020-07-09,1799.199951171875,9277.9677734375,5.156718555597153
2020-07-10,1798.199951171875,9278.8076171875,5.160053313949076
2020-07-13,1811.0,9243.6142578125,5.104149231260354
2020-07-14,1810.5999755859373,9243.2138671875,5.105055778097123
2020-07-15,1811.4000244140625,9192.8369140625,5.074989947091409
2020-07-16,1798.699951171875,9132.2275390625,5.077126695373924
2020-07-17,1808.300048828125,9151.392578125,5.060771072840257
2020-07-20,1815.9000244140625,9164.2314453125,5.046660786443641
2020-07-21,1842.4000244140625,9374.8876953125,5.0884105357597305
2020-07-22,1864.0999755859373,9525.36328125,5.109899364842767
2020-07-23,1889.0999755859373,9581.072265625,5.0717655970818925
2020-07-24,1897.300048828125,9536.892578125,5.026560023553206
2020-07-27,1931.0,10990.873046875,5.691803752912999
2020-07-28,1944.699951171875,10912.8232421875,5.611571716043619
2020-07-29,1953.5,11100.4677734375,5.682348489090095
2020-07-30,1942.300048828125,11111.2138671875,5.720647473541168
2020-07-31,1962.800048828125,11323.466796875,5.769037352345488
2020-08-03,1966.0,11246.3486328125,5.720421481593337
2020-08-04,2001.199951171875,11205.892578125,5.599586673766899
2020-08-05,2031.0999755859373,11747.0224609375,5.783576683638473
2020-08-06,2051.5,11779.7734375,5.742029460151109
2020-08-07,2010.0999755859373,11601.47265625,5.771589869736807
2020-08-10,2024.4000244140625,11878.111328125,5.867472428806639
2020-08-11,1932.5999755859373,11410.525390625,5.90423550386597
2020-08-12,1934.9000244140625,11584.9345703125,5.987355638088183
2020-08-13,1956.699951171875,11784.1376953125,6.022455148657277
2020-08-14,1937.0,11768.87109375,6.075824002968508
2020-08-17,1985.0,12254.40234375,6.173502440176322
2020-08-18,1999.4000244140625,11991.2333984375,5.997415850763336
2020-08-19,1958.699951171875,11758.283203125,6.003105884640529
2020-08-20,1933.800048828125,11878.3720703125,6.1425027254036655
2020-08-21,1934.5999755859373,11592.4892578125,5.992189291898161
2020-08-24,1927.699951171875,11774.595703125,6.108106033808355
2020-08-25,1911.800048828125,11366.134765625,5.945252890118971
2020-08-26,1940.699951171875,11488.36328125,5.919700917348326
2020-08-27,1921.5999755859373,11323.3974609375,5.892692342215892
2020-08-28,1964.5999755859373,11542.5,5.8752418525086645
2020-08-31,1967.5999755859373,11680.8203125,5.9365828712320114
2020-09-01,1968.199951171875,11970.478515625,6.081942288687551
2020-09-02,1934.4000244140625,11414.0341796875,5.900555229337766
2020-09-03,1927.5999755859373,10245.296875,5.315053436792927
2020-09-04,1923.9000244140625,10511.8134765625,5.463804430151691
2020-09-08,1933.0,10131.5166015625,5.241343301377393
2020-09-09,1944.699951171875,10242.34765625,5.2668010044829625
2020-09-10,1954.199951171875,10363.138671875,5.303008356775639
2020-09-11,1937.800048828125,10400.9150390625,5.367382999784938
2020-09-14,1953.0999755859373,10680.837890625,5.468659067194299
2020-09-15,1956.300048828125,10796.951171875,5.519067066599859
2020-09-16,1960.199951171875,10974.9052734375,5.598870292225201
2020-09-17,1940.0,10948.990234375,5.643809399162371
2020-09-18,1952.0999755859373,10944.5859375,5.606570398227119
2020-09-21,1901.199951171875,10462.259765625,5.5029770851699205
2020-09-22,1898.5999755859373,10538.4599609375,5.550647896582411
2020-09-23,1859.9000244140625,10246.1865234375,5.508998542362742
2020-09-24,1868.300048828125,10760.06640625,5.759281766865637
2020-09-25,1857.699951171875,10692.716796875,5.755890121076773
2020-09-28,1872.800048828125,10709.65234375,5.718524169438908
2020-09-29,1894.300048828125,10844.640625,5.724880085237206
2020-09-30,1887.5,10784.4912109375,5.713637727649006
2020-10-01,1908.4000244140625,10619.4521484375,5.56458395125938
2020-10-02,1900.199951171875,10575.974609375,5.565716704104047
2020-10-05,1912.5,10793.33984375,5.643576388888889
2020-10-06,1901.0999755859373,10604.40625,5.578037129126583
2020-10-07,1883.5999755859373,10668.96875,5.664137230985666
2020-10-08,1888.5999755859373,10915.685546875,5.779776388850377
2020-10-09,1919.5,11064.4580078125,5.764239649811149
2020-10-12,1922.5,11555.36328125,6.010592083875163
2020-10-13,1888.5,11425.8994140625,6.050251212106169
2020-10-14,1901.300048828125,11429.5068359375,6.011416684590173
2020-10-15,1903.199951171875,11495.349609375,6.040011509193693
2020-10-16,1900.800048828125,11322.123046875,5.956503975184175
2020-10-19,1906.4000244140625,11742.037109375,6.159272429187022
2020-10-20,1910.4000244140625,11916.3349609375,6.237612441714845
2020-10-21,1924.5999755859373,12823.689453125,6.66304147136907
2020-10-22,1901.0999755859373,12965.8916015625,6.820205022393042
2020-10-23,1902.0,12931.5390625,6.798916436645636
2020-10-26,1902.699951171875,13075.248046875,6.871944280453647
2020-10-27,1908.800048828125,13654.21875,7.153299665086855
2020-10-28,1876.199951171875,13271.28515625,7.073491899389909
2020-10-29,1865.5999755859373,13437.8828125,7.202981876261819
2020-10-30,1877.4000244140625,13546.5224609375,7.2155759480004145
2020-11-02,1890.4000244140625,13550.4892578125,7.168053894842988
2020-11-03,1908.5,13950.30078125,7.3095628929787795
2020-11-04,1894.5999755859373,14133.70703125,7.459995362281639
2020-11-05,1945.300048828125,15579.8486328125,8.008969434919827
2020-11-06,1950.300048828125,15565.880859375,7.981274916507363
2020-11-09,1853.199951171875,15332.3154296875,8.27342749496193
2020-11-10,1875.4000244140625,15290.90234375,8.153408416706931
2020-11-11,1860.699951171875,15701.33984375,8.4384050388464
2020-11-12,1872.5999755859373,16276.34375,8.69184233803438
2020-11-13,1885.699951171875,16317.80859375,8.653449125673063
2020-11-16,1887.300048828125,16716.111328125,8.857156199675023
2020-11-17,1884.5,17645.40625,9.363441894401696
2020-11-18,1873.5,17804.005859375,9.50307224946624
2020-11-19,1861.0999755859373,17817.08984375,9.57341898741392
2020-11-20,1872.5999755859373,18621.314453125,9.944096281053502
2020-11-23,1837.800048828125,18364.12109375,9.99244782121967
2020-11-24,1804.800048828125,19107.46484375,10.587025890295532
2020-11-25,1805.699951171875,18732.12109375,10.373883591010292
2020-11-27,1781.9000244140625,17108.40234375,9.601213372998137
2020-11-30,1775.699951171875,19625.8359375,11.052450570012072
2020-12-01,1814.0999755859373,18802.998046875,10.36491830655684
2020-12-02,1825.699951171875,19201.091796875,10.51711251049235
2020-12-03,1836.800048828125,19445.3984375,10.586562456760673
2020-12-04,1835.9000244140625,18699.765625,10.185612166418556
2020-12-07,1861.800048828125,19191.630859375,10.30810525085914
2020-12-08,1870.800048828125,18321.14453125,9.793213626825818
2020-12-09,1834.5999755859373,18553.916015625,10.11333056935162
2020-12-10,1833.5999755859373,18264.9921875,9.961274231400072
2020-12-11,1839.800048828125,18058.904296875,9.815688562666232
2020-12-14,1828.699951171875,19246.64453125,10.52476898624965
2020-12-15,1852.300048828125,19417.076171875,10.48268404687426
2020-12-16,1856.0999755859373,21310.59765625,11.481384589492611
2020-12-17,1887.199951171875,22805.162109375,12.084126059463872
2020-12-18,1885.699951171875,23137.9609375,12.270224074153914
2020-12-21,1879.199951171875,22803.08203125,12.134462869174683
2020-12-22,1866.5999755859373,23783.029296875,12.741363767247108
2020-12-23,1874.699951171875,23241.345703125,12.397368276772417
2020-12-24,1879.9000244140625,23735.94921875,12.626176344749052
2020-12-28,1877.199951171875,27084.80859375,14.428302417567096
2020-12-29,1879.699951171875,27362.4375,14.556811305411395
2020-12-30,1891.0,28840.953125,15.251693878900053
2020-12-31,1893.0999755859373,29001.720703125,15.31969841906982
2021-01-04,1944.699951171875,31971.9140625,16.440538317098092
2021-01-05,1952.699951171875,33992.4296875,17.407912396935384
2021-01-06,1906.9000244140625,36824.36328125,19.31111374995399
2021-01-07,1912.300048828125,39371.04296875,20.588318759326988
2021-01-08,1834.0999755859373,40797.609375,22.243939762316632
2021-01-11,1849.5999755859373,35566.65625,19.229377551615062
2021-01-12,1842.9000244140625,33922.9609375,18.40737993819582
2021-01-13,1853.5999755859373,37316.359375,20.13182988050267
2021-01-14,1850.300048828125,39187.328125,21.17890455108566
2021-01-15,1829.300048828125,36825.3671875,20.1308512570646
2021-01-19,1839.5,36069.8046875,19.60848311361783
2021-01-20,1865.9000244140625,35547.75,19.051261876242727
2021-01-21,1865.300048828125,30825.69921875,16.525866301304312
2021-01-22,1855.699951171875,33005.76171875,17.786152172880563
2021-01-25,1854.9000244140625,32366.392578125,17.44913049335319
2021-01-26,1850.699951171875,32569.849609375,17.59866562310739
2021-01-27,1844.9000244140625,30432.546875,16.495499199023172
2021-01-28,1837.9000244140625,33466.09765625,18.20887818254383
2021-01-29,1847.300048828125,34316.38671875,18.576509398416
2021-02-01,1860.800048828125,33537.17578125,18.02298737167956
2021-02-02,1830.5,35510.2890625,19.399229206500955
2021-02-03,1832.199951171875,37472.08984375,20.45196531076363
2021-02-04,1788.9000244140625,36926.06640625,20.641771984068694
2021-02-05,1810.9000244140625,38144.30859375,21.06372968109713
2021-02-08,1831.9000244140625,46196.46484375,25.21778712161219
2021-02-09,1835.300048828125,46481.10546875,25.32616151698416
2021-02-10,1840.5999755859373,44918.18359375,24.40409876646376
2021-02-11,1824.9000244140625,47909.33203125,26.25312696054825
2021-02-12,1821.5999755859373,47504.8515625,26.078640864726378
2021-02-16,1797.199951171875,49199.87109375,27.375847112431163
2021-02-17,1771.0999755859375,52149.0078125,29.444417893601635
2021-02-18,1773.4000244140625,51679.796875,29.14164664685577
2021-02-19,1775.800048828125,55888.1328125,31.472086538899102
2021-02-22,1806.699951171875,54207.3203125,30.00349907428716
2021-02-23,1804.4000244140625,48824.42578125,27.058537530836382
2021-02-24,1796.4000244140625,49705.33203125,27.66941179900203
2021-02-25,1774.4000244140625,47093.8515625,26.54071850458365
2021-02-26,1728.0999755859375,46339.76171875,26.8154402947884
2021-03-01,1722.5,49631.2421875,28.813493287373003
2021-03-02,1733.0999755859375,48378.98828125,27.91471292064021
2021-03-03,1715.300048828125,50538.2421875,29.46320803874937
2021-03-04,1700.199951171875,48561.16796875,28.562033503929268
2021-03-05,1698.0,48927.3046875,28.81466707155477
2021-03-08,1677.699951171875,52246.5234375,31.1417565465182
2021-03-09,1716.5999755859375,54824.1171875,31.937619694295144
2021-03-10,1721.5,56008.55078125,32.534737601655536
2021-03-11,1722.300048828125,57805.12109375,33.56274717235324
2021-03-12,1719.5,57332.08984375,33.342302904187264
2021-03-15,1728.9000244140625,55907.19921875,32.33686067978244
2021-03-16,1730.5999755859375,56804.90234375,32.82382014625725
2021-03-17,1726.800048828125,58870.89453125,34.09247907492366
2021-03-18,1732.199951171875,57858.921875,33.401987937857314
2021-03-19,1741.4000244140625,58346.65234375,33.50559981953727
2021-03-22,1737.800048828125,54529.14453125,31.37826159460716
2021-03-23,1724.699951171875,54738.9453125,31.7382425130277
2021-03-24,1732.9000244140625,52774.265625,30.454304853994287
2021-03-25,1724.9000244140625,51704.16015625,29.975163443929784
2021-03-26,1732.199951171875,55137.3125,31.830801324465043
2021-03-29,1712.0999755859375,57750.19921875,33.73062323593922
2021-03-30,1683.9000244140625,58917.69140625,34.98882983076817
2021-03-31,1713.800048828125,58918.83203125,34.37905843889896
2021-04-01,1726.5,59095.80859375,34.22867569866783
2021-04-05,1727.0,59057.87890625,34.19680307252461
2021-04-06,1741.5,58192.359375,33.4150785960379
2021-04-07,1740.0999755859375,56048.9375,32.21018233801586
2021-04-08,1756.800048828125,58323.953125,33.19897057374574
2021-04-09,1743.300048828125,58245.00390625,33.410773977436214
2021-04-12,1731.199951171875,59893.453125,34.596496542445735
2021-04-13,1746.199951171875,63503.45703125,36.36665834782141
2021-04-14,1734.9000244140625,63109.6953125,36.37656027690379
2021-04-15,1765.4000244140625,63314.01171875,35.863833036800806
2021-04-16,1779.0,61572.7890625,34.61089885469365
2021-04-19,1769.4000244140625,55724.265625,31.493311210647864
2021-04-20,1777.300048828125,56473.03125,31.774618634166966
2021-04-21,1792.300048828125,53906.08984375,30.076487404548075
2021-04-22,1781.199951171875,51762.2734375,29.06033845523346
2021-04-23,1777.0,51093.65234375,28.75275877532357
2021-04-26,1779.199951171875,54021.75390625,30.362947048570017
2021-04-27,1778.0,55033.1171875,30.95225938554556
2021-04-28,1773.199951171875,54824.703125,30.91851152418957
2021-04-29,1768.0999755859375,53555.109375,30.289638659856983
2021-04-30,1767.300048828125,57750.17578125,32.67706342199415
2021-05-03,1791.4000244140625,57200.29296875,31.930496923745032
2021-05-04,1775.800048828125,53333.5390625,30.033527196767192
2021-05-05,1784.0999755859375,57424.0078125,32.18654144851983
2021-05-06,1815.5,56396.515625,31.06390285045442
2021-05-07,1831.0999755859373,57356.40234375,31.32346846621327
2021-05-10,1837.5,55859.796875,30.39988945578231
2021-05-11,1835.9000244140625,56704.57421875,30.886526207682564
2021-05-12,1822.5999755859373,49150.53515625,26.967264245929154
2021-05-13,1823.800048828125,49716.19140625,27.259672154409103
2021-05-14,1837.9000244140625,49880.53515625,27.13996109345084
2021-05-17,1867.5,43537.51171875,23.3132592871486
2021-05-18,1867.800048828125,42909.40234375,22.97323119285266
2021-05-19,1881.300048828125,37002.44140625,19.668548581231946
2021-05-20,1881.800048828125,40782.73828125,21.67219535712474
2021-05-21,1876.699951171875,37304.69140625,19.877813383517
2021-05-24,1884.5999755859373,38705.98046875,20.53803511098741
2021-05-25,1898.0999755859373,38402.22265625,20.23192832316188
2021-05-26,1901.300048828125,39294.19921875,20.667016362288088
2021-05-27,1895.699951171875,38436.96875,20.275871572523496
2021-05-28,1902.5,35697.60546875,18.7635245565046
2021-06-01,1902.9000244140625,36684.92578125,19.27843045382584
2021-06-02,1907.5,37575.1796875,19.69865252293578
2021-06-03,1871.199951171875,39208.765625,20.953808597763565
2021-06-04,1889.800048828125,36894.40625,19.52291528031149
2021-06-07,1896.800048828125,33560.70703125,17.69332885244513
2021-06-08,1892.199951171875,33472.6328125,17.689796890529337
2021-06-09,1893.199951171875,37345.12109375,19.725925447353664
2021-06-10,1894.199951171875,36702.59765625,19.37630588235597
2021-06-11,1877.4000244140625,37334.3984375,19.88622454031984
2021-06-14,1864.0,40218.4765625,21.57643592408798
2021-06-15,1854.5,40406.26953125,21.788228380291184
2021-06-16,1859.5,38347.0625,20.622243882764185
2021-06-17,1773.800048828125,38053.50390625,21.453096661819547
2021-06-18,1767.9000244140625,35787.24609375,20.2427997056061
2021-06-21,1781.800048828125,31676.693359375,17.777916989175356
2021-06-22,1776.300048828125,32505.66015625,18.29964491511156
2021-06-23,1782.300048828125,33723.02734375,18.92107188457024
2021-06-24,1775.5999755859375,34662.4375,19.521535242509565
2021-06-25,1776.5999755859375,31637.779296875,17.80804893146562
2021-06-28,1779.5999755859375,34434.3359375,19.34948101253059
2021-06-29,1762.800048828125,35867.77734375,20.34704807706024
2021-06-30,1770.800048828125,35040.8359375,19.78813811344156
2021-07-01,1775.9000244140625,33572.1171875,18.90428330760158
2021-07-02,1782.5999755859375,33897.046875,19.01550955864796
2021-07-06,1793.5,34235.1953125,19.08848358656259
2021-07-07,1801.5,33855.328125,18.792854912572857
2021-07-08,1799.5999755859375,32877.37109375,18.26926624793121
2021-07-09,1810.0,33798.01171875,18.672934651243093
2021-07-12,1805.5,33155.84765625,18.36380374203822
2021-07-13,1809.4000244140625,32702.025390625,18.07340828417137
2021-07-14,1824.300048828125,32822.34765625,17.991748494078088
2021-07-15,1828.4000244140625,31780.73046875,17.381716278927858
2021-07-16,1814.5,31421.5390625,17.316913233673187
2021-07-19,1808.699951171875,30817.83203125,17.038664711237935
2021-07-20,1810.9000244140625,29807.34765625,16.45996314230241
2021-07-21,1802.9000244140625,32110.693359375,17.810579025207392
2021-07-22,1805.0,32313.10546875,17.90199748961219
2021-07-23,1801.4000244140625,33581.55078125,18.64191757861944
2021-07-26,1798.699951171875,37337.53515625,20.758067587606337
2021-07-27,1799.5,39406.94140625,21.89882823353709
2021-07-28,1799.5,39995.90625,22.22612183939984
2021-07-29,1831.199951171875,40008.421875,21.84819950950558
2021-07-30,1812.5999755859373,42235.546875,23.301085426389804
2021-08-02,1818.0999755859373,39201.9453125,21.562040503227
2021-08-03,1810.0999755859373,38152.98046875,21.07783049740096
2021-08-04,1810.5,39747.50390625,21.9538823011599
2021-08-05,1805.0999755859373,40869.5546875,22.641158517679163
2021-08-06,1760.0,42816.5,24.32755681818182
2021-08-09,1723.4000244140625,46365.40234375,26.90344765401389
2021-08-10,1728.800048828125,45585.03125,26.36801825688288
2021-08-11,1750.4000244140625,45593.63671875,26.047552606731845
2021-08-12,1749.0,44428.2890625,25.402109240994854
2021-08-13,1775.199951171875,47793.3203125,26.922781448337616
2021-08-16,1786.9000244140625,46004.484375,25.74541594182652
2021-08-17,1785.0,44695.359375,25.039417016806723
2021-08-18,1781.5999755859375,44801.1875,25.146603117383663
2021-08-19,1780.199951171875,46717.578125,26.24288248870393
2021-08-20,1781.0,49339.17578125,27.70307455432341
2021-08-23,1803.199951171875,49546.1484375,27.476791137500108
2021-08-24,1805.5999755859373,47706.1171875,26.42119950850068
2021-08-25,1788.199951171875,48960.7890625,27.37992976144203
2021-08-26,1792.199951171875,46942.21875,26.19251201257184
2021-08-27,1816.5999755859373,49058.66796875,27.005762759039072
2021-08-30,1809.0,47054.984375,26.01159998618021
2021-08-31,1815.0,47166.6875,25.98715564738292
2021-09-01,1813.0999755859373,48847.02734375,26.94116595967862
2021-09-02,1808.699951171875,49327.72265625,27.27247414602409
2021-09-03,1830.9000244140625,50025.375,27.322832668599407
2021-09-07,1795.9000244140625,46811.12890625,26.065553911623105
2021-09-08,1790.699951171875,46091.390625,25.7393152855322
2021-09-09,1797.4000244140625,46391.421875,25.810293337524136
2021-09-10,1789.5999755859375,44883.91015625,25.080415047253474
2021-09-13,1792.0,44963.07421875,25.09100123814174
2021-09-14,1804.699951171875,47092.4921875,26.094361091393985
2021-09-15,1792.4000244140625,48176.34765625,26.878122628903053
2021-09-16,1754.5999755859375,47783.359375,27.233192773209204
2021-09-17,1749.4000244140625,47267.51953125,27.01927453504044
2021-09-20,1761.800048828125,42843.80078125,24.318197067679662
2021-09-21,1776.0,40693.67578125,22.91310573268581
2021-09-22,1776.699951171875,43574.5078125,24.525529920659448
2021-09-23,1747.699951171875,44895.09765625,25.688103742376803
2021-09-24,1749.699951171875,42839.75,24.4840550925933
2021-09-27,1750.0,42235.73046875,24.134703125
2021-09-28,1735.800048828125,41034.54296875,23.64013239684679
2021-09-29,1721.5,41564.36328125,24.14427143842579
2021-09-30,1755.300048828125,43790.89453125,24.94781137873592
2021-10-01,1757.0,48116.94140625,27.385851682555494
2021-10-04,1766.199951171875,49112.90234375,27.80710208442909
2021-10-05,1759.5999755859375,51514.8125,29.27643397065054
2021-10-06,1760.5,55361.44921875,31.446435227918204
2021-10-07,1757.9000244140625,53805.984375,30.608102638222807
2021-10-08,1756.300048828125,53967.84765625,30.7281478994774
2021-10-11,1754.5999755859375,57484.7890625,32.76233321689368
2021-10-12,1758.300048828125,56041.05859375,31.872295420284125
2021-10-13,1793.699951171875,57401.09765625,32.00150483292829
2021-10-14,1796.699951171875,57321.5234375,31.90378193092996
2021-10-15,1767.199951171875,61593.94921875,34.85397856530354
2021-10-18,1764.800048828125,62026.078125,35.146235499136004
2021-10-19,1769.699951171875,64261.9921875,36.31236591544597
2021-10-20,1784.0999755859375,65992.8359375,36.98942707278862
2021-10-21,1781.199951171875,62210.171875,34.92599010800057
2021-10-22,1795.5,60692.265625,33.802431425786686
2021-10-25,1806.0,63039.82421875,34.90577199266335
2021-10-26,1792.699951171875,60363.79296875,33.672000118754184
2021-10-27,1797.9000244140625,58482.38671875,32.528163927140206
2021-10-28,1801.5999755859373,60622.13671875,33.64905502900762
2021-10-29,1783.0,62227.96484375,34.900709390773976
2021-11-01,1795.0999755859375,61004.40625,33.98384885504084
2021-11-02,1788.699951171875,63226.40234375,35.34768494980219
2021-11-03,1763.5999755859375,62970.046875,35.70540244200155
2021-11-04,1793.0,61452.23046875,34.27341353527607
2021-11-05,1816.4000244140625,61125.67578125,33.65210028609641
2021-11-08,1827.4000244140625,67566.828125,36.97429529512272
2021-11-09,1830.199951171875,66971.828125,36.59262917263112
2021-11-10,1847.5999755859373,64995.23046875,35.17819405043983
2021-11-11,1863.199951171875,64949.9609375,34.85936165715826
2021-11-12,1867.9000244140625,64155.94140625,34.34656061229773
2021-11-15,1866.0999755859373,63557.87109375,34.05919935977355
2021-11-16,1853.5999755859373,60161.24609375,32.45643444440193
2021-11-17,1869.699951171875,60368.01171875,32.28753987018775
2021-11-18,1861.0,56942.13671875,30.59760167584632
2021-11-19,1851.199951171875,58119.578125,31.39562427505913
2021-11-22,1806.0,56289.2890625,31.167934143134
2021-11-23,1783.5,57569.07421875,32.27870715937763
2021-11-24,1784.0999755859375,56280.42578125,31.545556051457417
2021-11-26,1785.300048828125,53569.765625,30.006029328326807
2021-11-29,1782.300048828125,57806.56640625,32.43368951499397
2021-11-30,1773.5999755859375,57005.42578125,32.14108399072194
2021-12-01,1781.5999755859375,57229.828125,32.12271492436348
2021-12-02,1760.699951171875,56477.81640625,32.07691144005534
2021-12-03,1782.0,53598.24609375,30.07757917718856
2021-12-06,1777.5,50582.625,28.457172995780592
2021-12-07,1782.5999755859375,50700.0859375,28.441650752763515
2021-12-08,1783.4000244140625,50504.796875,28.31938778939593
2021-12-09,1774.5999755859375,47672.12109375,26.863587146173387
2021-12-10,1782.9000244140625,47243.3046875,26.498011128260643
2021-12-13,1786.300048828125,46737.48046875,26.16440642176068
2021-12-14,1770.4000244140625,46612.6328125,26.32887040765099
2021-12-15,1762.5999755859375,48896.72265625,27.74124777801348
2021-12-16,1796.5999755859375,47665.42578125,26.530906394844266
2021-12-17,1803.800048828125,46202.14453125,25.61378383444781
2021-12-20,1793.699951171875,46880.27734375,26.136075497533344
2021-12-21,1787.9000244140625,48936.61328125,27.371000958114365
2021-12-22,1801.5999755859373,48628.51171875,26.991847456555647
2021-12-23,1811.199951171875,50784.5390625,28.0391676411219
2021-12-27,1808.0999755859373,50640.41796875,28.00753202396308
2021-12-28,1810.199951171875,47588.85546875,26.28928115810756
2021-12-29,1805.0999755859373,46444.7109375,25.729716672575982
2021-12-30,1812.699951171875,47178.125,26.026439163028755
2021-12-31,1827.5,46306.4453125,25.33868416552668
2022-01-03,1799.4000244140625,46458.1171875,25.81867097763774
2022-01-04,1814.0,45897.57421875,25.30186009853914
2022-01-05,1824.5999755859373,43569.00390625,23.878660796462302
2022-01-06,1788.699951171875,43160.9296875,24.129776298826933
2022-01-07,1797.0,41557.90234375,23.12626730314413
2022-01-10,1798.4000244140625,41821.26171875,23.25470482151256
2022-01-11,1818.5999755859373,42735.85546875,23.49931598067952
2022-01-12,1827.199951171875,43949.1015625,24.05270508808477
2022-01-13,1821.199951171875,42591.5703125,23.386542639150576
2022-01-14,1816.5,43099.69921875,23.726781843517752
2022-01-18,1812.300048828125,42375.6328125,23.382238961976004
2022-01-19,1843.0999755859373,41744.328125,22.64897654926674
2022-01-20,1842.5,40680.41796875,22.078924270692
2022-01-21,1831.800048828125,36457.31640625,19.90245410768124
2022-01-24,1841.699951171875,36654.328125,19.902442904272668
2022-01-25,1852.699951171875,36954.00390625,19.94602735476716
2022-01-26,1829.9000244140625,36852.12109375,20.13887130557864
2022-01-27,1793.300048828125,37138.234375,20.70943699537
2022-01-28,1784.9000244140625,37784.33203125,21.16887865674921
2022-01-31,1795.0,38483.125,21.439066852367688
2022-02-01,1800.300048828125,38743.2734375,21.520453472586016
2022-02-02,1809.199951171875,36952.984375,20.42504166057732
2022-02-03,1803.0,37154.6015625,20.60710014559068
2022-02-04,1806.5999755859373,41500.875,22.97181200090516
2022-02-07,1820.5999755859373,43840.28515625,24.080130585600248
2022-02-08,1826.5999755859373,44118.4453125,24.153315395916213
2022-02-09,1835.199951171875,44338.796875,24.160199463108786
2022-02-10,1836.199951171875,43565.11328125,23.72569134066606
2022-02-11,1840.800048828125,42407.9375,23.037775084261536
2022-02-14,1868.0,42586.91796875,22.798135957574942
2022-02-15,1854.800048828125,44575.203125,24.032349553345608
2022-02-16,1870.199951171875,43961.859375,23.5065022579288
2022-02-17,1900.699951171875,40538.01171875,21.3279385279914
2022-02-18,1898.5999755859373,40030.9765625,21.08447122998925
2022-02-22,1906.0999755859373,38286.02734375,20.086054159872084
2022-02-23,1909.199951171875,37296.5703125,19.53518293859541
2022-02-24,1925.0999755859373,38332.609375,19.91200969359153
2022-02-25,1886.5,39214.21875,20.78675788497217
2022-02-28,1899.4000244140625,43193.234375,22.74046215637198
2022-03-01,1942.4000244140625,44354.63671875,22.83496507478158
2022-03-02,1920.9000244140625,43924.1171875,22.866425440802573
2022-03-03,1934.4000244140625,42451.7890625,21.94571367179279
2022-03-04,1965.0999755859373,39137.60546875,19.916343165736524
2022-03-07,1993.9000244140625,38062.0390625,19.089241484755537
2022-03-08,2040.0999755859373,38737.26953125,18.987927059861004
2022-03-09,1985.9000244140625,41982.92578125,21.140503179981085
2022-03-10,1998.0999755859373,39437.4609375,19.737481316937146
2022-03-11,1982.699951171875,38794.97265625,19.56673909903525
2022-03-14,1959.5999755859373,39666.75390625,20.242271075957376
2022-03-15,1928.5,39338.78515625,20.39864410487425
2022-03-16,1908.0,41143.9296875,21.56390444837526
2022-03-17,1942.0999755859373,40951.37890625,21.08613326865155
2022-03-18,1928.199951171875,41801.15625,21.67884934578237
2022-03-21,1928.5999755859373,41077.99609375,21.299386401407524
2022-03-22,1920.699951171875,42358.80859375,22.05383957442476
2022-03-23,1936.5999755859373,42892.95703125,22.148589059169183
2022-03-24,1961.5999755859373,43960.93359375,22.41075353838068
2022-03-25,1953.800048828125,44348.73046875,22.698704760167267
2022-03-28,1939.5999755859373,47128.00390625,24.29779567924206
2022-03-29,1912.0,47465.73046875,24.8251728393044
2022-03-30,1933.5,47062.6640625,24.340658941039564
2022-03-31,1949.199951171875,45538.67578125,23.36275237123404
2022-04-01,1919.0999755859373,46281.64453125,24.11632802877784
2022-04-04,1929.199951171875,46622.67578125,24.16684478606247
2022-04-05,1922.9000244140625,45555.9921875,23.691295235893307
2022-04-06,1918.4000244140625,43206.73828125,22.52227779993208
2022-04-07,1933.800048828125,43503.84765625,22.496559394862544
2022-04-08,1941.5999755859373,42287.6640625,21.77980253102259
2022-04-11,1944.300048828125,39521.90234375,20.327059276458268
2022-04-12,1972.0999755859373,40127.18359375,20.34743881675049
2022-04-13,1981.0,41166.73046875,20.780782669737505
2022-04-14,1970.9000244140625,39935.515625,20.262578076162235
2022-04-18,1982.9000244140625,40826.21484375,20.589144354776007
2022-04-19,1955.699951171875,41502.75,21.22143019696408
2022-04-20,1952.300048828125,41374.37890625,21.192633238464097
2022-04-21,1944.9000244140625,40527.36328125,20.83776172169036
2022-04-22,1931.0,39740.3203125,20.580176236406007
2022-04-25,1893.199951171875,40458.30859375,21.37033046546755
2022-04-26,1901.4000244140625,38117.4609375,20.04704977809513
2022-04-27,1885.9000244140625,39241.12109375,20.80763592223929
2022-04-28,1888.699951171875,39773.828125,21.058838965036067
2022-04-29,1909.300048828125,38609.82421875,20.221978333079512
2022-05-02,1861.800048828125,38529.328125,20.694664901986418
2022-05-03,1868.800048828125,37750.453125,20.20037036528992
2022-05-04,1867.0,39698.37109375,21.26318751673808
2022-05-05,1874.0,36575.140625,19.517150813767344
2022-05-06,1881.199951171875,36040.921875,19.158474808883906
2022-05-09,1857.0999755859373,30296.953125,16.3141206845587
2022-05-10,1839.9000244140625,31022.90625,16.861191281238014
2022-05-11,1852.5999755859373,28936.35546875,15.619321952974794
2022-05-12,1823.800048828125,29047.751953125,15.927048566420156
2022-05-13,1807.4000244140625,29283.103515625,16.201783290955877
2022-05-16,1813.5,29862.91796875,16.467007426936863
2022-05-17,1818.199951171875,30425.857421875,16.734054690885223
2022-05-18,1815.9000244140625,28720.271484375,15.815998181751326
2022-05-19,1841.199951171875,30314.333984375,16.464444269119564
2022-05-20,1841.800048828125,29200.740234375,15.854457302764455
2022-05-23,1847.800048828125,29098.91015625,15.747867403025849
2022-05-24,1865.0999755859373,29655.5859375,15.90026611210664
2022-05-25,1846.199951171875,29562.361328125,16.012545829264212
2022-05-26,1847.4000244140625,29267.224609375,15.842386176571392
2022-05-27,1851.300048828125,28627.57421875,15.46349779273829
2022-05-31,1842.699951171875,31792.310546875,17.25311303484678
2022-06-01,1843.300048828125,29799.080078125,16.16615813419509
2022-06-02,1866.5,30467.48828125,16.3233261619341
2022-06-03,1845.4000244140625,29704.390625,16.09645075973786
2022-06-06,1839.199951171875,31370.671875,17.056694599742507
2022-06-07,1847.5,31155.478515625,16.86358782983762
2022-06-08,1851.9000244140625,30214.35546875,16.31532753951432
2022-06-09,1848.800048828125,30111.998046875,16.287320019253407
2022-06-10,1871.5,29083.8046875,15.5403711928934
2022-06-13,1828.0,22487.388671875,12.301634940850656
2022-06-14,1809.5,22206.79296875,12.272336539789997
2022-06-15,1815.300048828125,22572.83984375,12.434770691667197
2022-06-16,1845.699951171875,20381.650390625,11.04277560265646
2022-06-17,1835.5999755859373,20471.482421875,11.15247477345403
2022-06-21,1834.5999755859373,20710.59765625,11.288890184158763
2022-06-22,1834.300048828125,19987.029296875,10.896270383705254
2022-06-23,1825.699951171875,21085.876953125,11.549475552973783
2022-06-24,1826.5,21231.65625,11.624230084861756
2022-06-27,1820.9000244140625,20735.478515625,11.38748873502671
2022-06-28,1817.5,20280.634765625,11.158533571182945
2022-06-29,1813.699951171875,20104.0234375,11.084536570952825
2022-06-30,1804.0999755859373,19784.7265625,10.96653557465644
2022-07-01,1798.9000244140625,19269.3671875,10.71174991716197
2022-07-05,1761.800048828125,20190.115234375,11.459935676471693
2022-07-06,1734.9000244140625,20548.24609375,11.844051994114112
2022-07-07,1737.9000244140625,21637.587890625,12.4504215355657
2022-07-08,1740.5999755859375,21731.1171875,12.48484286585415
2022-07-11,1730.0,19970.556640625,11.543674358742775
2022-07-12,1723.300048828125,19323.9140625,11.213319511968104
2022-07-13,1734.199951171875,20212.07421875,11.654984885158033
2022-07-14,1704.5,20569.919921875,12.068008167717808
2022-07-15,1702.4000244140625,20836.328125,12.239384296397384
2022-07-18,1709.199951171875,22485.689453125,13.155681076229955
2022-07-19,1710.0,23389.43359375,13.678031341374268
2022-07-20,1699.5,23231.732421875,13.669745467416888
2022-07-21,1712.699951171875,23164.62890625,13.525211401098096
2022-07-22,1727.0999755859375,22714.978515625,13.15209243050258
2022-07-25,1719.0,21361.701171875,12.426818599112856
2022-07-26,1717.699951171875,21239.75390625,12.365229382325763
2022-07-27,1719.0999755859375,22930.548828125,13.338694173565653
2022-07-28,1750.300048828125,23843.88671875,13.622742417629569
2022-07-29,1762.9000244140625,23804.6328125,13.503109922760355
2022-08-01,1769.0,23314.19921875,13.179309903193897
2022-08-02,1771.0999755859375,22978.1171875,12.973924399664728
2022-08-03,1758.0,22846.5078125,12.995738232366325
2022-08-04,1788.5,22630.95703125,12.653596327229522
2022-08-05,1772.9000244140625,23289.314453125,13.136281872872129
2022-08-08,1786.800048828125,23809.486328125,13.325210251555836
2022-08-09,1794.0,23164.318359375,12.912106108904682
2022-08-10,1795.5999755859375,23947.642578125,13.33684723977034
2022-08-11,1789.699951171875,23957.529296875,13.386338464829194
2022-08-12,1798.5999755859375,24402.818359375,13.567674130221864
2022-08-15,1781.4000244140625,24136.97265625,13.549439949170948
2022-08-16,1773.199951171875,23883.291015625,13.469034329625924
2022-08-17,1760.300048828125,23335.998046875,13.256829744684918
2022-08-18,1755.300048828125,23212.73828125,13.22437055519215
2022-08-19,1747.5999755859375,20877.552734375,11.94641395401436
2022-08-22,1734.0,21398.908203125,12.34077751045271
2022-08-23,1746.800048828125,21528.087890625,12.324300027966876
2022-08-24,1747.800048828125,21395.01953125,12.241113933825014
2022-08-25,1757.699951171875,21600.904296875,12.289301301097195
2022-08-26,1736.0999755859375,20260.01953125,11.66984610112226
2022-08-29,1736.5999755859375,20297.994140625,11.688353349064371
2022-08-30,1723.199951171875,19796.80859375,11.488398998785389
2022-08-31,1712.800048828125,20049.763671875,11.705840203351688
2022-09-01,1696.5999755859375,20127.140625,11.863221097860086
2022-09-02,1709.800048828125,19969.771484375,11.679594639187211
2022-09-06,1700.4000244140625,18837.66796875,11.07837432267812
2022-09-07,1715.300048828125,19290.32421875,11.246034903298083
2022-09-08,1708.0,19329.833984375,11.317233011929156
2022-09-09,1716.199951171875,21381.15234375,12.458427311543902
2022-09-12,1728.0999755859375,22370.44921875,12.945112860825644
2022-09-13,1705.0,20296.70703125,11.904226997800588
2022-09-14,1696.5,20241.08984375,11.931087441055114
2022-09-15,1665.4000244140625,19701.2109375,11.829716974113456
2022-09-16,1671.699951171875,19772.583984375,11.827830688464315
2022-09-19,1666.199951171875,19544.12890625,11.729762020761186
2022-09-20,1659.699951171875,18890.7890625,11.382050743064529
2022-09-21,1664.5999755859375,18547.400390625,11.142256796018716
2022-09-22,1670.800048828125,19413.55078125,11.619314229052351
2022-09-23,1645.300048828125,19297.638671875,11.728947972511069
2022-09-26,1623.300048828125,19222.671875,11.841724448217088
2022-09-27,1626.699951171875,19110.546875,11.7480466273038
2022-09-28,1660.4000244140625,19426.720703125,11.700024342013895
2022-09-29,1658.5,19573.05078125,11.801658595869762
2022-09-30,1662.4000244140625,19431.7890625,11.688997098847508
2022-10-03,1692.9000244140625,19623.580078125,11.591694604007705
2022-10-04,1721.0999755859375,20336.84375,11.816189668515015
2022-10-05,1711.4000244140625,20160.716796875,11.780248047955643
2022-10-06,1711.699951171875,19955.443359375,11.658260167451065
2022-10-07,1700.5,19546.849609375,11.494766015510145
2022-10-10,1667.300048828125,19141.484375,11.480527688134924
2022-10-11,1678.699951171875,19051.41796875,11.348911969319172
2022-10-12,1670.300048828125,19157.4453125,11.4694634212223
2022-10-13,1670.0,19382.904296875,11.606529519086829
2022-10-14,1641.699951171875,19185.65625,11.686457221555578
2022-10-17,1657.0,19550.7578125,11.79888823928787
2022-10-18,1649.0,19334.416015625,11.724933908808367
2022-10-19,1627.5,19139.53515625,11.7600830453149
2022-10-20,1630.800048828125,19053.740234375,11.683676516975094
2022-10-21,1651.0,19172.46875,11.612640066626287
2022-10-24,1648.699951171875,19345.572265625,11.733834438385475
2022-10-25,1652.800048828125,20095.857421875,12.15867426681373
2022-10-26,1664.0,20770.44140625,12.48223642202524
2022-10-27,1660.699951171875,20285.8359375,12.21523245254826
2022-10-28,1639.5999755859375,20595.3515625,12.561205092199344
2022-10-31,1635.9000244140625,20495.7734375,12.528744502489424
2022-11-01,1645.0,20485.2734375,12.453053761398175
2022-11-02,1645.699951171875,20159.50390625,12.249805252710106
2022-11-03,1627.300048828125,20209.98828125,12.419337353184442
2022-11-04,1672.5,21147.23046875,12.644083987294469
2022-11-07,1676.5,20602.81640625,12.289183660155086
2022-11-08,1712.0999755859375,18541.271484375,10.829549529097774
2022-11-09,1710.0999755859375,15880.7802734375,9.28646307242722
2022-11-10,1750.300048828125,17586.771484375,10.047860934557956
2022-11-11,1766.0,17034.29296875,9.645692507785958
2022-11-14,1773.5999755859375,16618.19921875,9.369756116093717
2022-11-15,1773.800048828125,16884.61328125,9.518893232867455
2022-11-16,1773.0,16669.439453125,9.401827102721375
2022-11-17,1760.800048828125,16687.517578125,9.477235981013935
2022-11-18,1751.9000244140625,16697.77734375,9.53123871856484
2022-11-21,1737.4000244140625,15787.2841796875,9.086729571683849
2022-11-22,1738.300048828125,16189.76953125,9.31356444600248
2022-11-23,1744.9000244140625,16610.70703125,9.519575218544611
2022-11-25,1753.300048828125,16521.841796875,9.423282573862876
2022-11-28,1740.0999755859375,16217.322265625,9.319764664765426
2022-11-29,1748.4000244140625,16444.982421875,9.405732207871692
2022-11-30,1746.0,17168.56640625,9.833084997852234
2022-12-01,1801.0999755859375,16967.1328125,9.42042809532559
2022-12-02,1795.9000244140625,17088.66015625,9.515373864881711
2022-12-05,1767.4000244140625,16974.826171875,9.6044053057556
2022-12-06,1769.300048828125,17089.50390625,9.6589065927902
2022-12-07,1785.5,16848.126953125,9.436083423760852
2022-12-08,1788.699951171875,17233.474609375,9.634636931747222
2022-12-09,1798.0999755859375,17133.15234375,9.528475933696017
2022-12-12,1780.5,17206.4375,9.663823364223532
2022-12-13,1813.9000244140625,17781.318359375,9.80281058495428
2022-12-14,1807.5,17815.650390625,9.856514738934994
2022-12-15,1777.199951171875,17364.865234375,9.770912509267577
2022-12-16,1790.0,16647.484375,9.30027060055866
2022-12-19,1787.699951171875,16439.6796875,9.195994930090723
2022-12-20,1815.9000244140625,16906.3046875,9.31015169348608
2022-12-21,1815.9000244140625,16817.53515625,9.261267101792416
2022-12-22,1787.0,16830.341796875,9.418210294837715
2022-12-23,1795.9000244140625,16796.953125,9.352944427115446
2022-12-27,1814.800048828125,16717.173828125,9.211578894831868
2022-12-28,1807.9000244140625,16552.572265625,9.155690050388523
2022-12-29,1819.5,16642.341796875,9.146656662201154
2022-12-30,1819.699951171875,16602.5859375,9.123804134196982
2023-01-03,1839.699951171875,16679.857421875,9.066618396793483
2023-01-04,1852.800048828125,16863.23828125,9.101488469797811
2023-01-05,1834.800048828125,16836.736328125,9.176333049957414
2023-01-06,1864.199951171875,16951.96875,9.093428384301609
2023-01-09,1872.699951171875,17196.5546875,9.182760258384668
2023-01-10,1871.5999755859373,17446.29296875,9.321592859760608
2023-01-11,1874.5999755859373,17934.896484375,9.567319277687044
2023-01-12,1895.5,18869.587890625,9.954939536072276
2023-01-13,1918.4000244140625,19909.57421875,10.378218288873816
2023-01-17,1907.199951171875,21161.51953125,11.095595675874126
2023-01-18,1904.4000244140625,20688.78125,10.863674115087996
2023-01-19,1922.0999755859373,21086.79296875,10.970705601472083
2023-01-20,1926.4000244140625,22676.552734375,11.771466178875462
2023-01-23,1927.0999755859373,22934.431640625,11.901007696111746
2023-01-24,1933.9000244140625,22636.46875,11.705087369683678
2023-01-25,1941.199951171875,23117.859375,11.909056231453166
2023-01-26,1929.0999755859373,23032.77734375,11.939649388442977
2023-01-27,1928.5999755859373,23078.728515625,11.966570988166344
2023-01-30,1922.9000244140625,22840.138671875,11.877964731335808
2023-01-31,1929.5,23139.283203125,11.992372740671158
2023-02-01,1927.800048828125,23723.76953125,12.30613597383777
2023-02-02,1916.300048828125,23471.87109375,12.24853650037934
2023-02-03,1862.9000244140625,23449.322265625,12.587536614049114
2023-02-06,1866.199951171875,22760.109375,12.195965046889992
2023-02-07,1871.699951171875,23264.291015625,12.429498115367894
2023-02-08,1877.4000244140625,22939.3984375,12.21870573090005
2023-02-09,1866.199951171875,21819.0390625,11.691694155708662
2023-02-10,1862.800048828125,21651.18359375,11.622924106841534
2023-02-13,1851.9000244140625,21808.1015625,11.77606851071782
2023-02-14,1854.0,22220.8046875,11.985331546655878
2023-02-15,1834.199951171875,24307.841796875,13.252558305513343
2023-02-16,1842.0,23623.474609375,12.82490478250543
2023-02-17,1840.4000244140625,24565.6015625,13.347968505010792
2023-02-21,1833.0,24436.353515625,13.331343980155482
2023-02-22,1832.0,24188.84375,13.203517330786026
2023-02-23,1818.0,23947.4921875,13.172437946919691
2023-02-24,1808.800048828125,23198.126953125,12.825147239549484
2023-02-27,1817.0,23522.87109375,12.94599399766098
2023-02-28,1828.9000244140625,23147.353515625,12.656434581786876
2023-03-01,1837.699951171875,23646.55078125,12.867470974339923
2023-03-02,1833.5,23475.466796875,12.803636104104172
2023-03-03,1847.699951171875,22362.6796875,12.102982236545936
2023-03-06,1847.9000244140625,22429.7578125,12.137971489887336
2023-03-07,1813.9000244140625,22219.76953125,12.249721171059342
2023-03-08,1812.699951171875,21718.080078125,11.981067282582917
2023-03-09,1829.300048828125,20363.021484375,11.131591833400886
2023-03-10,1862.0,20187.244140625,10.841699323643931
2023-03-13,1911.699951171875,24197.533203125,12.657599948303538
2023-03-14,1906.199951171875,24746.07421875,12.981887972212386
2023-03-15,1926.5999755859373,24375.9609375,12.652320796426114
2023-03-16,1919.0,25052.7890625,13.055127182126109
2023-03-17,1969.800048828125,27423.9296875,13.922189566303985
2023-03-20,1979.199951171875,27767.236328125,14.029525572534574
2023-03-21,1938.0,28175.81640625,14.538604956785344
2023-03-22,1946.800048828125,27307.4375,14.026832142539597
2023-03-23,1993.800048828125,28333.97265625,14.2110402058138
2023-03-24,1982.0999755859373,27493.28515625,13.870786284694134
2023-03-27,1952.4000244140625,27139.888671875,13.900782796814392
2023-03-28,1972.4000244140625,27268.130859375,13.8248481656126
2023-03-29,1966.0999755859373,28348.44140625,14.418616427581
2023-03-30,1980.300048828125,28033.5625,14.156219668120151
2023-03-31,1969.0,28478.484375,14.46342527932961
2023-04-03,1983.9000244140625,27790.220703125,14.007873562748072
2023-04-04,2022.199951171875,28168.08984375,13.92942860443966
2023-04-05,2020.9000244140625,28177.984375,13.943284692259772
2023-04-06,2011.9000244140625,28044.140625,13.93913230512906
2023-04-10,1989.0999755859373,29652.98046875,14.907737586199003
2023-04-11,2004.800048828125,30235.05859375,15.08133372773182
2023-04-12,2010.9000244140625,30139.052734375,14.987842442916545
2023-04-13,2041.300048828125,30399.06640625,14.892012775731612
2023-04-14,2002.199951171875,30485.69921875,15.226101269709307
2023-04-17,1994.199951171875,29445.044921875,14.765342314130468
2023-04-18,2007.4000244140625,30397.552734375,15.142748014685166
2023-04-19,1995.199951171875,28822.6796875,14.446010621928435
2023-04-20,2007.5999755859373,28245.98828125,14.069530097999792
2023-04-21,1979.5,27276.91015625,13.779696972088912
2023-04-24,1989.0999755859373,27525.33984375,13.838087668590788
2023-04-25,1994.0,28307.59765625,14.196387992101304
2023-04-26,1985.699951171875,28422.701171875,14.31369384639464
2023-04-27,1989.9000244140625,29473.787109375,14.811692420604762
2023-04-28,1990.0999755859373,29340.26171875,14.743109431028188
2023-05-01,1983.4000244140625,28091.568359375,14.16333972652533
2023-05-02,2014.300048828125,28680.537109375,14.238463195222923
2023-05-03,2028.5999755859373,29006.30859375,14.29868330022624
2023-05-04,2048.0,28847.7109375,14.085796356201172
2023-05-05,2017.4000244140625,29534.384765625,14.63982572033676
2023-05-08,2026.300048828125,27694.2734375,13.667409944305383
2023-05-09,2036.199951171875,27658.775390625,13.583526202673172
2023-05-10,2030.5,27621.755859375,13.603425687946318
2023-05-11,2014.699951171875,27000.7890625,13.401890959889416
2023-05-12,2014.5,26804.990234375,13.306026425601887
2023-05-15,2018.0,27192.693359375,13.47507104032458
2023-05-16,1988.4000244140625,27036.650390625,13.597188723929987
2023-05-17,1980.699951171875,27398.802734375,13.832889084570626
2023-05-18,1956.5,26832.208984375,13.714392529708665
2023-05-19,1978.699951171875,26890.12890625,13.589796113516078
2023-05-22,1974.800048828125,26851.27734375,13.59696003637631
2023-05-23,1972.4000244140625,27225.7265625,13.803349333555143
2023-05-24,1962.800048828125,26334.818359375,13.416964389774702
2023-05-25,1943.0999755859373,26476.20703125,13.62575645304414
2023-05-26,1944.0999755859373,26719.291015625,13.743784450988432
2023-05-30,1958.0,27702.349609375,14.14828887097804
2023-05-31,1963.9000244140625,27219.658203125,13.8600019678935
2023-06-01,1978.0,26819.97265625,13.559136833291204
2023-06-02,1952.4000244140625,27249.58984375,13.956970653044277
2023-06-05,1958.0,25760.09765625,13.15633179583759
2023-06-06,1965.5,27238.783203125,13.858449861676418
2023-06-07,1942.699951171875,26345.998046875,13.561537401070389
2023-06-08,1963.5999755859373,26508.216796875,13.499805014493829
2023-06-09,1962.199951171875,26480.375,13.495248016995037
2023-06-12,1955.300048828125,25902.5,13.24732744497409
2023-06-13,1944.5999755859373,25918.728515625,13.328565690131356
2023-06-14,1955.300048828125,25124.67578125,12.849524448336222
2023-06-15,1957.800048828125,25576.39453125,13.063844056270808
2023-06-16,1958.4000244140625,26327.462890625,13.44335302411057
2023-06-20,1935.5,28327.48828125,14.635746980754329
2023-06-21,1933.300048828125,30027.296875,15.53162784700757
2023-06-22,1912.699951171875,29912.28125,15.63877346871542
2023-06-23,1919.0999755859373,30695.46875,15.994721036160762
2023-06-26,1923.699951171875,30271.130859375,15.735890018053231
2023-06-27,1914.0,30688.1640625,16.033523543625915
2023-06-28,1912.300048828125,30086.24609375,15.733015387510514
2023-06-29,1909.199951171875,30445.3515625,15.94665427464133
2023-06-30,1921.0999755859373,30477.251953125,15.864479902369164
2023-07-03,1921.699951171875,31156.439453125,16.212957404783946
2023-07-05,1919.5999755859373,30514.166015625,15.89610669082806
2023-07-06,1908.699951171875,29909.337890625,15.67000505881593
2023-07-07,1926.199951171875,30342.265625,15.752396632831475
2023-07-10,1925.0,30414.470703125,15.799725040584416
2023-07-11,1931.300048828125,30620.951171875,15.855097808574692
2023-07-12,1956.199951171875,30391.646484375,15.536063410168616
2023-07-13,1959.199951171875,31476.048828125,16.065766441703886
2023-07-14,1960.0999755859373,30334.068359375,15.475776101832338
2023-07-17,1952.4000244140625,30145.888671875,15.44042629323472
2023-07-18,1977.199951171875,29856.5625,15.100426480540923
2023-07-19,1977.5,29913.923828125,15.12714226453856
2023-07-20,1968.300048828125,29792.015625,15.135911642504604
2023-07-21,1964.300048828125,29908.744140625,15.226158630127896
2023-07-24,1960.300048828125,29176.916015625,14.883903121395663
2023-07-25,1962.0999755859373,29227.390625,14.895974205530424
2023-07-26,1968.9000244140625,29354.97265625,14.909326168039405
2023-07-27,1945.4000244140625,29210.689453125,15.015261173301878
2023-07-28,1960.4000244140625,29319.24609375,14.955746647938923
2023-07-31,1970.5,29230.111328125,14.833855025691449
2023-08-01,1940.699951171875,29675.732421875,15.291252212355426
2023-08-02,1937.4000244140625,29151.958984375,15.046948806141144
2023-08-03,1932.0,29178.6796875,15.102836277173912
2023-08-04,1939.5999755859373,29074.091796875,14.98973611200008
2023-08-07,1933.5,29180.578125,15.0921014352211
2023-08-08,1924.0999755859373,29765.4921875,15.469826186363132
2023-08-09,1915.4000244140625,29561.494140625,15.433587639045854
2023-08-10,1914.4000244140625,29429.591796875,15.372749384435716
2023-08-11,1912.9000244140625,29397.71484375,15.368139719039824
2023-08-14,1910.5999755859373,29408.443359375,15.392255697248244
2023-08-15,1902.5,29170.34765625,15.33264002956636
2023-08-16,1896.0999755859373,28701.779296875,15.137271065047878
2023-08-17,1884.0999755859373,26664.55078125,14.15240758280758
2023-08-18,1886.0999755859373,26049.556640625,13.811333957804871
2023-08-21,1893.300048828125,26124.140625,13.798204167992164
2023-08-22,1896.4000244140625,26031.65625,13.726880360088106
2023-08-23,1918.5,26431.640625,13.77724296325254
2023-08-24,1918.199951171875,26162.373046875,13.639022892734287
2023-08-25,1911.0999755859373,26047.66796875,13.629673120980426
2023-08-28,1917.9000244140625,26106.150390625,13.61184110657733
2023-08-29,1936.5,27727.392578125,14.318302389943195
2023-08-30,1944.300048828125,27297.265625,14.039636341856134
2023-08-31,1938.199951171875,25931.47265625,13.379152465962711
2023-09-01,1939.800048828125,25800.724609375,13.300713454957265
2023-09-05,1926.199951171875,25779.982421875,13.383855817352083
2023-09-06,1918.0999755859373,25753.236328125,13.42643066363522
2023-09-07,1917.5,26240.1953125,13.68458686440678
2023-09-08,1918.4000244140625,25905.654296875,13.503781258962071
2023-09-11,1923.300048828125,25162.654296875,13.083062266964903
2023-09-12,1911.300048828125,25833.34375,13.516111071016397
2023-09-13,1909.0999755859373,26228.32421875,13.738580773225378
2023-09-14,1910.0,26539.673828125,13.8951171875
2023-09-15,1923.699951171875,26608.693359375,13.832039317340303
2023-09-18,1931.5,26754.28125,13.85155643282423
2023-09-19,1932.0,27211.1171875,14.084429186076605
2023-09-20,1945.5999755859373,27132.0078125,13.94531669046147
2023-09-21,1919.199951171875,26567.6328125,13.84307705733196
2023-09-22,1925.4000244140625,26579.568359375,13.804699294871824
2023-09-25,1916.5999755859373,26298.48046875,13.721423773215957
2023-09-26,1900.4000244140625,26217.25,13.795648107341709
2023-09-27,1871.5999755859373,26352.716796875,14.080314779136934
2023-09-28,1860.4000244140625,27021.546875,14.524589615349258
2023-09-29,1848.0999755859373,26911.720703125,14.561831642572624
2023-10-02,1830.0,27530.78515625,15.044144894125685
2023-10-03,1824.5999755859373,27429.978515625,15.033420411406262
2023-10-04,1818.5,27799.39453125,15.28699176862799
2023-10-05,1816.5999755859373,27415.912109375,15.091881799972006
2023-10-06,1830.199951171875,27946.59765625,15.26969642762575
2023-10-09,1849.5,27583.677734375,14.91412691774804
2023-10-10,1861.0,27391.01953125,14.718441446131113
2023-10-11,1872.800048828125,26873.3203125,14.349273607353627
2023-10-12,1869.300048828125,26756.798828125,14.313806306750482
2023-10-13,1927.4000244140625,26862.375,13.937104212793749
2023-10-16,1921.0999755859373,28519.466796875,14.845383977570732
2023-10-17,1922.699951171875,28415.748046875,14.77908606049309
2023-10-18,1955.300048828125,28328.341796875,14.487976826806248
2023-10-19,1968.4000244140625,28719.806640625,14.59043196728982
2023-10-20,1982.5,29682.94921875,14.97248384300126
2023-10-23,1976.300048828125,33086.234375,16.741503596389094
2023-10-24,1975.0,33901.52734375,17.16533030063291
2023-10-25,1984.0999755859373,34502.8203125,17.38965815082516
2023-10-26,1987.199951171875,34156.6484375,17.18832995006739
2023-10-27,1988.5999755859373,33909.80078125,17.052097554843094
2023-10-30,1996.199951171875,34502.36328125,17.284021703835474
2023-10-31,1985.199951171875,34667.78125,17.463118125474168
2023-11-01,1978.800048828125,35437.25390625,17.908456151108584
2023-11-02,1985.5999755859373,34938.2421875,17.59581114881408
2023-11-03,1991.5,34732.32421875,17.440283313457194
2023-11-06,1981.5999755859373,35037.37109375,17.681354221550105
2023-11-07,1966.800048828125,35443.5625,18.02092821846241
2023-11-08,1951.5,35655.27734375,18.27070322508327
2023-11-09,1964.199951171875,36693.125,18.680951996821022
2023-11-10,1932.5999755859373,37313.96875,19.307652499937
2023-11-13,1945.5,36502.35546875,18.7624546228476
2023-11-14,1961.800048828125,35537.640625,18.11481279462109
2023-11-15,1960.0999755859373,37880.58203125,19.32584179535345
2023-11-16,1983.9000244140625,36154.76953125,18.22408845522757
2023-11-17,1981.5999755859373,36596.68359375,18.46824992159619
2023-11-20,1977.699951171875,37476.95703125,18.949768901517764
2023-11-21,1999.300048828125,35813.8125,17.913175424065038
2023-11-22,1991.4000244140625,37432.33984375,18.796996778567312
2023-11-24,2002.199951171875,37720.28125,18.83941772544873
2023-11-27,2011.800048828125,37254.16796875,18.517828345043824
2023-11-28,2039.699951171875,37831.0859375,18.547377968884486
2023-11-29,2047.0999755859373,37858.4921875,18.493719231599247
2023-11-30,2038.0999755859373,37712.74609375,18.50387446420919
2023-12-01,2071.0,38688.75,18.68119266055045
2023-12-04,2024.0999755859373,41980.09765625,20.740130508670937
2023-12-05,2018.5,44080.6484375,21.83831976096111
2023-12-06,2030.5,43746.4453125,21.54466649224329
2023-12-07,2029.9000244140625,43292.6640625,21.32748585733752
2023-12-08,1998.300048828125,44166.6015625,22.10208701561153
2023-12-11,1978.0,41243.83203125,20.851280096688573
2023-12-12,1977.800048828125,41450.22265625,20.95774174988511
2023-12-13,1982.300048828125,42890.7421875,21.636856747723783
2023-12-14,2030.199951171875,43023.97265625,21.191987829285303
2023-12-15,2021.0999755859373,41929.7578125,20.74600876700527
2023-12-18,2026.300048828125,42623.5390625,21.035156706999327
2023-12-19,2038.4000244140625,42270.52734375,20.737110889655064
2023-12-20,2034.5,43652.25,21.45600884738265
2023-12-21,2039.0999755859373,43869.15234375,21.51397816144064
2023-12-22,2057.10009765625,43997.90234375,21.38831376940717
2023-12-26,2058.199951171875,42520.40234375,20.659024075644453
2023-12-27,2081.89990234375,43442.85546875,20.8669280496354
2023-12-28,2073.89990234375,42627.85546875,20.554442102328817
2023-12-29,2062.39990234375,42099.40234375,20.4128221184977
2024-01-02,2064.39990234375,44957.96875,21.777742141412823
2024-01-03,2034.199951171875,42848.17578125,21.06389578692387
2024-01-04,2042.300048828125,44179.921875,21.632434421352784
2024-01-05,2042.4000244140625,44162.69140625,21.622939129625056
2024-01-08,2026.5999755859373,46970.50390625,23.176998160512525
2024-01-09,2026.4000244140625,46139.73046875,22.76931006358993
2024-01-10,2021.699951171875,46627.77734375,23.06364864713099
2024-01-11,2014.300048828125,46368.5859375,23.01970154072936
2024-01-12,2046.699951171875,42853.16796875,20.937689446962484
2024-01-16,2026.0,43154.9453125,21.30056530725568
2024-01-17,2002.5999755859373,42742.65234375,21.34357977870443
2024-01-18,2018.5999755859373,41262.05859375,20.44092890755777
2024-01-19,2026.5,41618.40625,20.537086725882062
2024-01-22,2019.800048828125,39507.3671875,19.56003873275571
2024-01-23,2023.699951171875,39845.55078125,19.68945581985928
2024-01-24,2013.9000244140625,40077.07421875,19.90023026610285
2024-01-25,2016.9000244140625,39933.80859375,19.79959745667182
2024-01-26,2016.800048828125,41816.87109375,20.734267196219065
2024-01-29,2025.199951171875,43288.24609375,21.374801075173544
2024-01-30,2031.5,42952.609375,21.14329774796948
2024-01-31,2048.39990234375,42582.60546875,20.788228616896333
2024-02-01,2053.0,43075.7734375,20.981867236970288
2024-02-02,2036.0999755859373,43185.859375,21.210087860529644
2024-02-05,2025.699951171875,42658.66796875,21.05872982031312
2024-02-06,2034.5,43084.671875,21.17703213320226
2024-02-07,2035.199951171875,44318.22265625,21.77585678042662
2024-02-08,2032.199951171875,45301.56640625,22.291884408385453
2024-02-09,2023.300048828125,47147.19921875,23.302129234888906
2024-02-12,2018.199951171875,49958.22265625,24.75385188035585
2024-02-13,1992.9000244140625,49742.44140625,24.95982778708375
2024-02-14,1990.300048828125,51826.6953125,26.03963927098088
2024-02-15,2002.0999755859373,51938.5546875,25.94203851997929
2024-02-16,2011.5,52160.203125,25.93099832214765
2024-02-20,2027.5,52284.875,25.78785450061652
2024-02-21,2022.300048828125,51839.1796875,25.63377265284624
2024-02-22,2019.699951171875,51304.97265625,25.40227454403893
2024-02-23,2038.5999755859373,50731.94921875,24.885681264745696
2024-02-26,2028.5,54522.40234375,26.87818700702489
2024-02-27,2034.0,57085.37109375,28.065570842551622
2024-02-28,2033.0,62504.7890625,30.745100375061487
2024-02-29,2045.699951171875,61198.3828125,29.9156202147058
2024-03-01,2086.89990234375,62440.6328125,29.920281630362023
2024-03-04,2117.699951171875,68330.4140625,32.266334059595124
2024-03-05,2133.5,63801.19921875,29.904475846613547
2024-03-06,2150.300048828125,66106.8046875,30.743060589859088
2024-03-07,2158.0,66925.484375,31.012736040315108
2024-03-08,2178.60009765625,68300.09375,31.35045014616387
2024-03-11,2182.5,72123.90625,33.04646334478809
2024-03-12,2160.39990234375,71481.2890625,33.08706364268587
2024-03-13,2175.39990234375,73083.5,33.595432233522075
2024-03-14,2163.0,71396.59375,33.008133957466484
2024-03-15,2157.300048828125,69403.7734375,32.171590352116795
2024-03-18,2160.699951171875,67548.59375,31.26236649071261
2024-03-19,2156.300048828125,61912.7734375,28.71250384247196
2024-03-20,2157.89990234375,67913.671875,31.47211406851505
2024-03-21,2182.39990234375,65491.390625,30.00888634327131
2024-03-22,2158.10009765625,63778.76171875,29.553199032804507
2024-03-25,2174.800048828125,69958.8125,32.16792851264501
2024-03-26,2175.60009765625,69987.8359375,32.16943960100807
2024-03-27,2190.60009765625,69455.34375,31.706080824296105
2024-03-28,2217.39990234375,70744.953125,31.9044629929964
2024-04-01,2236.5,69702.1484375,31.16572700089425
2024-04-02,2261.0,65446.97265625,28.946029480871296
2024-04-03,2294.39990234375,65980.8125,28.7573288477741
2024-04-04,2288.800048828125,68508.84375,29.93221001768014
2024-04-05,2325.699951171875,67837.640625,29.16869847755637
2024-04-08,2331.699951171875,71631.359375,30.72065912211356
2024-04-09,2343.5,69139.015625,29.50246026242799
2024-04-10,2329.60009765625,70587.8828125,30.30042919534414
2024-04-11,2354.800048828125,70060.609375,29.75225408622949
2024-04-12,2356.199951171875,67195.8671875,28.5187456837352
2024-04-15,2365.800048828125,63426.2109375,26.809624494224494
2024-04-16,2390.800048828125,63811.86328125,26.69058975154699
2024-04-17,2371.699951171875,61276.69140625,25.83661199468876
2024-04-18,2382.300048828125,63512.75390625,26.66026638310841
2024-04-19,2398.39990234375,63843.5703125,26.619234869927723
2024-04-22,2332.199951171875,66837.6796875,28.65864037683204
2024-04-23,2327.699951171875,66407.2734375,28.529138132286946
2024-04-24,2324.5,64276.8984375,27.651924473004943
2024-04-25,2329.800048828125,64481.70703125,27.67692749585266
2024-04-26,2334.800048828125,63755.3203125,27.306544020546795
2024-04-29,2345.39990234375,63841.12109375,27.219716786870244
2024-04-30,2291.39990234375,60636.85546875,26.46279918521765
2024-05-01,2299.89990234375,58254.01171875,25.3289335154914
2024-05-02,2299.199951171875,59123.43359375,25.714785512071487
2024-05-03,2299.0,62889.8359375,27.35530053827751
2024-05-06,2321.60009765625,63161.94921875,27.206214060084925
2024-05-07,2315.199951171875,62334.81640625,26.92416107502864
2024-05-08,2313.60009765625,61187.94140625,26.447068993572103
2024-05-09,2332.10009765625,63049.9609375,27.03570099793955
2024-05-10,2367.300048828125,60792.77734375,25.680216318097912
2024-05-13,2336.10009765625,62901.44921875,26.92583647501125
2024-05-14,2353.39990234375,61552.7890625,26.154836244022786
2024-05-15,2388.699951171875,66267.4921875,27.74207457700569
2024-05-16,2380.0,65231.58203125,27.40822774422269
2024-05-17,2412.199951171875,67051.875,27.79698049799952
2024-05-20,2433.89990234375,71448.1953125,29.35543702668224
2024-05-21,2421.699951171875,70136.53125,28.96169329980806
2024-05-22,2389.199951171875,69122.3359375,28.93116413450297
2024-05-23,2335.0,67929.5625,29.09188972162741
2024-05-24,2332.5,68526.1015625,29.37882167738478
2024-05-28,2355.199951171875,68296.21875,28.99805543729648
2024-05-29,2340.300048828125,67578.09375,28.875824612249552
2024-05-30,2342.89990234375,68364.9921875,29.179647034476464
2024-05-31,2322.89990234375,67491.4140625,29.05480946226
2024-06-03,2346.60009765625,68804.78125,29.321051046883195
2024-06-04,2325.5,70567.765625,30.345201300795527
2024-06-05,2354.10009765625,71082.8203125,30.195326181444152
2024-06-06,2370.300048828125,70757.1640625,29.85156419225587
2024-06-07,2305.199951171875,69342.5859375,30.08094196004512
2024-06-10,2307.699951171875,69512.28125,30.12188877271541
2024-06-11,2307.5,67332.03125,29.179645178764897
2024-06-12,2336.0,68241.1875,29.212837114726028
2024-06-13,2300.199951171875,66756.3984375,29.021998023906505
2024-06-14,2331.39990234375,66011.09375,28.31393004848256
2024-06-17,2312.39990234375,66490.296875,28.753805432878742
2024-06-18,2330.39990234375,65140.74609375,27.952604198204817
2024-06-20,2353.800048828125,64828.65625,27.542125458904604
2024-06-21,2316.39990234375,64096.19921875,27.6706103958548
2024-06-24,2330.0,60277.4140625,25.87013479077253
2024-06-25,2316.60009765625,61804.640625,26.67902875750069
2024-06-26,2299.199951171875,60811.27734375,26.44888597564349
2024-06-27,2324.5,61604.80078125,26.502387946332544
2024-06-28,2327.699951171875,60320.13671875,25.91405163211949
2024-07-01,2327.60009765625,62851.98046875,27.002911940087163
2024-07-02,2323.0,62029.015625,26.70211606758502
2024-07-03,2359.800048828125,60173.921875,25.4995849774994
2024-07-05,2388.5,56662.375,23.722995603935523
2024-07-08,2355.199951171875,56705.09765625,24.07655351217008
2024-07-09,2360.10009765625,58009.2265625,24.57913824083451
2024-07-10,2372.199951171875,57742.49609375,24.34132757874184
2024-07-11,2415.0,57344.9140625,23.745306030020704
2024-07-12,2414.0,57899.46484375,23.984865303956088
2024-07-15,2422.89990234375,64870.15234375,26.773764892639186
2024-07-16,2462.39990234375,65097.1484375,26.43646483885072
2024-07-17,2454.800048828125,64118.79296875,26.11976197383534
2024-07-18,2451.800048828125,63974.06640625,26.092693177336127
2024-07-19,2395.5,66710.15625,27.848113650594865
2024-07-22,2392.0,67585.25,28.254703177257525
2024-07-23,2404.60009765625,65927.671875,27.417312317029065
2024-07-24,2413.300048828125,65372.1328125,27.0882739360338
2024-07-25,2351.89990234375,65777.2265625,27.96769815626537
2024-07-26,2380.0,67912.0625,28.534480042016806
2024-07-29,2377.300048828125,66819.9140625,28.10748020446071
2024-07-30,2405.0,66201.015625,27.526409823284823
2024-07-31,2426.5,64619.25,26.63064084071708
2024-08-01,2435.0,65357.5,26.840862422997947
2024-08-02,2425.699951171875,61415.06640625,25.318492658822
2024-08-05,2401.699951171875,53991.45703125,22.4805171873804
2024-08-06,2389.10009765625,56034.31640625,23.45415182110648
2024-08-07,2390.5,55027.4609375,23.01922649550304
2024-08-08,2422.199951171875,61710.13671875,25.47689619467388
2024-08-09,2432.10009765625,60880.11328125,25.031911038496546
2024-08-12,2462.39990234375,59354.515625,24.10433641120009
2024-08-13,2466.699951171875,60609.56640625,24.571114284676465
2024-08-14,2439.39990234375,58737.26953125,24.07857337159678
2024-08-15,2453.10009765625,57560.09765625,23.46422704529843
2024-08-16,2498.60009765625,58894.10546875,23.57084093768913
2024-08-19,2501.800048828125,59493.453125,23.780258999062493
2024-08-20,2511.300048828125,59012.79296875,23.49890169288524
2024-08-21,2508.39990234375,61175.19140625,24.3881333869812
2024-08-22,2478.89990234375,60381.9140625,24.35835105943976
2024-08-23,2508.39990234375,64094.35546875,25.55188883912121
2024-08-26,2517.699951171875,62880.66015625,24.975438446103123
2024-08-27,2516.0,59504.1328125,23.650291260930047
2024-08-28,2501.0,59027.625,23.60160935625749
2024-08-29,2525.699951171875,59388.1796875,23.51355300931334
2024-08-30,2493.800048828125,59119.4765625,23.706582486547447
2024-09-03,2489.89990234375,57431.0234375,23.0655952809348
2024-09-04,2493.39990234375,57971.5390625,23.24999652402641
2024-09-05,2511.39990234375,56160.48828125,22.36222444256629
2024-09-06,2493.5,53948.75390625,21.635754524263085
2024-09-09,2501.800048828125,57019.53515625,22.791403806614632
2024-09-10,2512.300048828125,57648.7109375,22.946586720161285
2024-09-11,2512.10009765625,57343.171875,22.826786213057467
2024-09-12,2551.199951171875,58127.01171875,22.784185023227906
2024-09-13,2581.300048828125,60571.30078125,23.465424257342164
2024-09-16,2580.39990234375,58192.5078125,22.55174004604649
2024-09-17,2564.300048828125,60308.5390625,23.51851886056032
2024-09-18,2570.699951171875,61649.6796875,23.981670696106125
2024-09-19,2588.0,62940.45703125,24.32011477250773
2024-09-20,2619.89990234375,63192.9765625,24.12037822741543
2024-09-23,2626.5,63329.80078125,24.11186018703598
2024-09-24,2651.199951171875,64301.96875,24.25391141153931
2024-09-25,2659.199951171875,63143.14453125,23.74516609908316
2024-09-26,2669.89990234375,65181.01953125,24.413282113696987
2024-09-27,2644.300048828125,65790.6640625,24.880181086732748
2024-09-30,2636.10009765625,63329.5,24.023935986462007
2024-10-01,2667.300048828125,60837.0078125,22.808460502682728
2024-10-02,2647.10009765625,60632.78515625,22.905361686146453
2024-10-03,2657.10009765625,60759.40234375,22.866809721374096
2024-10-04,2645.800048828125,62067.4765625,23.458868930776102
2024-10-07,2644.800048828125,62236.66015625,23.53170712614975
2024-10-08,2615.0,62131.96875,23.759835086042067
2024-10-09,2606.0,60582.1015625,23.247160998656945
2024-10-10,2620.60009765625,60274.5,23.00026625729995
2024-10-11,2657.60009765625,62445.08984375,23.49679694052564
2024-10-14,2647.800048828125,66046.125,24.94377361660333
2024-10-15,2661.39990234375,67041.109375,25.190167518966444
2024-10-16,2674.0,67612.71875,25.28523513462977
2024-10-17,2691.0,67399.8359375,25.04639016629506
2024-10-18,2713.699951171875,68418.7890625,25.21236330234456
2024-10-21,2723.10009765625,67367.8515625,24.73939596288912
2024-10-22,2744.199951171875,67361.40625,24.54682874738562
2024-10-23,2714.39990234375,66432.1953125,24.473989722420445
2024-10-24,2734.89990234375,68161.0546875,24.92268716273216
2024-10-25,2740.89990234375,66642.4140625,24.31406342329901
2024-10-28,2742.89990234375,69907.7578125,25.486806045224363
2024-10-29,2768.39990234375,72720.4921875,26.26805907843525
2024-10-30,2788.5,72339.5390625,25.942097565895644
2024-10-31,2738.300048828125,70215.1875,25.64188958403192
2024-11-01,2738.60009765625,69482.46875,25.371527887355484
2024-11-04,2736.10009765625,67811.5078125,24.784001093595773
2024-11-05,2740.300048828125,69359.5625,25.31093722005416
2024-11-06,2667.60009765625,75639.078125,28.35472910330765
2024-11-07,2698.39990234375,75904.859375,28.129581278546333
2024-11-08,2687.5,76545.4765625,28.482037790697674
2024-11-11,2611.199951171875,88701.484375,33.969625472454474
2024-11-12,2600.0,87955.8125,33.82915865384616
2024-11-13,2580.800048828125,90584.1640625,35.099256954691995
2024-11-14,2568.199951171875,87250.4296875,33.973378765811226
2024-11-15,2565.699951171875,91066.0078125,35.4936311905474
2024-11-18,2610.60009765625,90542.640625,34.68269257566012
2024-11-19,2627.10009765625,92343.7890625,35.15046463013872
2024-11-20,2648.199951171875,94339.4921875,35.624006467394246
2024-11-21,2672.10009765625,98504.7265625,36.86416038414893
2024-11-22,2709.89990234375,98997.6640625,36.53185269938512
2024-11-25,2616.800048828125,93102.296875,35.578682030632706
2024-11-26,2620.300048828125,91985.3203125,35.10488058557971
2024-11-27,2639.89990234375,95962.53125,36.35082192502934
2024-11-29,2657.0,97461.5234375,36.68104005927738
2024-12-02,2634.89990234375,95865.3046875,36.38290190918735
2024-12-03,2644.699951171875,96002.1640625,36.29983205465752
2024-12-04,2653.800048828125,98768.53125,37.21777429826131
2024-12-05,2626.60009765625,96593.5703125,36.775133907400566
2024-12-06,2638.60009765625,99920.7109375,37.86883469998166
2024-12-09,2664.89990234375,97432.71875,36.56149285919107
2024-12-10,2697.60009765625,96675.4296875,35.83756901977217
2024-12-11,2733.800048828125,101173.03125,37.0082044929983
2024-12-12,2687.5,100043.0,37.2253023255814
2024-12-13,2656.0,101459.2578125,38.20002176675452
2024-12-16,2651.39990234375,106029.71875,39.99008925672556
2024-12-17,2644.39990234375,106140.6015625,40.13787833996925
2024-12-18,2636.5,100041.5390625,37.94482801536128
2024-12-19,2592.199951171875,97490.953125,37.60934918655737
2024-12-20,2628.699951171875,97755.9296875,37.18793757496758
2024-12-23,2612.300048828125,94686.2421875,36.24631183924532
2024-12-24,2620.0,98676.09375,37.66263120229008
2024-12-26,2638.800048828125,95795.515625,36.30268070805221
2024-12-27,2617.199951171875,94164.859375,35.979237785342626
2024-12-30,2606.10009765625,92643.2109375,35.54860038600092
2024-12-31,2629.199951171875,93429.203125,35.53522168725021
2025-01-02,2658.89990234375,96886.875,36.43870719412821
2025-01-03,2645.0,98107.4296875,37.09165583648393
2025-01-06,2638.39990234375,102078.0859375,38.68939119002458
2025-01-07,2656.699951171875,96922.703125,36.48236718724944
2025-01-08,2664.5,95043.5234375,35.6703034105836
2025-01-09,2683.800048828125,92484.0390625,34.460107824680506
2025-01-10,2708.5,94701.453125,34.96453872069411
2025-01-13,2673.5,94516.5234375,35.35310396016458
2025-01-14,2677.5,96534.046875,36.05379901960784
2025-01-15,2712.5,100504.4921875,37.05234735023041
2025-01-16,2746.39990234375,99756.90625,36.322789760103205
2025-01-17,2744.300048828125,104462.0390625,38.06509390513167
2025-01-21,2755.0,106146.265625,38.52859006352087
2025-01-22,2767.60009765625,103653.0703125,37.45232933048344
2025-01-23,2763.10009765625,103960.171875,37.62446824245794
2025-01-24,2777.300048828125,104819.484375,37.74150525047818
2025-01-27,2737.5,102087.6875,37.292305936073056
2025-01-28,2766.800048828125,101332.4765625,36.624430668713934
2025-01-29,2769.10009765625,103703.2109375,37.45014888601311
2025-01-30,2823.0,104735.3046875,37.100710126638326
2025-01-31,2812.5,102405.0234375,36.410675
2025-02-03,2833.89990234375,101405.421875,35.78299353168177
2025-02-04,2853.300048828125,97871.8203125,34.30127173365339
2025-02-05,2871.60009765625,96615.4453125,33.64516019878807
2025-02-06,2856.0,96593.296875,33.82118237920168
2025-02-07,2867.300048828125,96529.0859375,33.66549865506812
2025-02-10,2914.300048828125,97437.5546875,33.43429058606399
2025-02-11,2912.5,95747.4296875,32.87465396995708
2025-02-12,2909.0,97885.859375,33.64931570127192
2025-02-13,2925.89990234375,96623.8671875,33.02364073019068
2025-02-14,2883.60009765625,97508.96875,33.81501090572647
2025-02-18,2931.60009765625,95539.546875,32.58955645123009
2025-02-19,2919.39990234375,96635.609375,33.10118949357335
2025-02-20,2940.0,98333.9375,33.4469175170068
2025-02-21,2937.60009765625,96125.546875,32.72247538107494
2025-02-24,2947.89990234375,91418.171875,31.01128766357273
2025-02-25,2904.5,88736.171875,30.55127280943364
2025-02-26,2916.800048828125,84347.0234375,28.917657030137487
2025-02-27,2883.199951171875,84704.2265625,29.37854744624008
2025-02-28,2836.800048828125,84373.0078125,29.74231752687479
2025-03-03,2890.199951171875,86065.671875,29.778449010112045
2025-03-04,2909.60009765625,87222.1953125,29.977382590397728
2025-03-05,2915.300048828125,90623.5625,31.08550097147919
2025-03-06,2916.60009765625,89961.7265625,30.84472452524168
2025-03-07,2904.699951171875,86742.671875,29.86286822499668
2025-03-10,2891.0,78532.0,27.164303009339328
2025-03-11,2912.89990234375,82862.2109375,28.44663864722169
2025-03-12,2939.10009765625,83722.359375,28.48571215446639
2025-03-13,2984.300048828125,81066.703125,27.164394262846752
2025-03-14,2994.5,83969.1015625,28.041109221071967
2025-03-17,3000.0,84075.6875,28.025229166666666
2025-03-18,3035.10009765625,82718.5,27.2539611012752
2025-03-19,3035.89990234375,86854.2265625,28.6090547634484
2025-03-20,3040.0,84167.1953125,27.68657740542763
2025-03-21,3018.199951171875,84043.2421875,27.845485238600105
2025-03-24,3013.10009765625,87498.9140625,29.03949793455628
2025-03-25,3023.699951171875,87471.703125,28.92869813061285
2025-03-26,3020.89990234375,86900.8828125,28.766554874949147
2025-03-27,3060.199951171875,87177.1015625,28.48738741045869
2025-03-28,3086.5,84353.1484375,27.329709521302448
2025-03-31,3122.800048828125,82548.9140625,26.434261807276982
2025-04-01,3118.89990234375,85169.171875,27.307439976191024
2025-04-02,3139.89990234375,82485.7109375,26.27017214017851
2025-04-03,3097.0,83102.828125,26.83333165159832
2025-04-04,3012.0,83843.8046875,27.836588541666668
2025-04-07,2951.300048828125,79235.3359375,26.84760431897192
2025-04-08,2968.39990234375,76271.953125,25.69463537065144
2025-04-09,3056.5,82573.953125,27.015852486504173
2025-04-10,3155.199951171875,79626.140625,25.23648005110611
2025-04-11,3222.199951171875,83404.8359375,25.884438334488426
2025-04-14,3204.800048828125,84542.390625,26.37992677762033
2025-04-15,3218.699951171875,83668.9921875,25.99465419478989
2025-04-16,3326.60009765625,84033.8671875,25.26118701394433
2025-04-17,3308.699951171875,84895.75,25.65834051224005
2025-04-21,3406.199951171875,87518.90625,25.69400138118429
2025-04-22,3400.800048828125,93441.890625,27.476443567212648
2025-04-23,3276.300048828125,93699.109375,28.599062350383484
2025-04-24,3332.0,93943.796875,28.19441682923169
2025-04-25,3282.39990234375,94720.5,28.857087136873908
2025-04-28,3332.5,94978.75,28.50075018754689
2025-04-29,3318.800048828125,94284.7890625,28.40930085432298
2025-04-30,3305.0,94207.3125,28.50448184568835
2025-05-01,3210.0,96492.3359375,30.059917737538942
2025-05-02,3231.89990234375,96910.0703125,29.98548013266795
2025-05-05,3311.300048828125,94748.0546875,28.6135515629372
2025-05-06,3411.39990234375,96802.4765625,28.37617380946553
2025-05-07,3381.39990234375,97032.3203125,28.695902027217773
2025-05-08,3296.60009765625,103241.4609375,31.3175568401216
2025-05-09,3335.39990234375,102970.8515625,30.872115661496387
2025-05-12,3220.0,102812.953125,31.929488548136646
2025-05-13,3240.300048828125,104169.8125,32.148199527902875
2025-05-14,3181.39990234375,103539.4140625,32.545237078250395
2025-05-15,3220.699951171875,103744.640625,32.21183040886866
2025-05-16,3182.0,103489.2890625,32.52334665697674
2025-05-19,3228.89990234375,105606.1796875,32.70655111074952
2025-05-20,3280.300048828125,106791.0859375,32.55527980608076
2025-05-21,3309.300048828125,109678.078125,33.14237950827056
2025-05-22,3292.300048828125,111673.28125,33.91953333346681
2025-05-23,3363.60009765625,107287.796875,31.896715947225097
2025-05-27,3299.10009765625,108994.640625,33.03768827821626
2025-05-28,3293.60009765625,107802.328125,32.7308492010651
2025-05-29,3317.10009765625,105641.7578125,31.847624341256047
2025-05-30,3288.89990234375,103998.5703125,31.621081030282525
2025-06-02,3370.60009765625,105881.53125,31.41325822770397
2025-06-03,3350.199951171875,105432.46875,31.4705003542014
2025-06-04,3373.5,104731.984375,31.045497072773085
2025-06-05,3350.699951171875,101575.953125,30.3148460337294
2025-06-06,3322.699951171875,104390.34375,31.41732485149097
2025-06-09,3332.10009765625,110294.1015625,33.10047667537936
2025-06-10,3320.89990234375,110257.234375,33.20101105642634
2025-06-11,3321.300048828125,108686.625,32.724121097805835
2025-06-12,3380.89990234375,105929.0546875,31.331615175612423
2025-06-13,3431.199951171875,106090.96875,30.919494713144367
2025-06-16,3396.39990234375,106796.7578125,31.44410578353947
2025-06-17,3386.60009765625,104601.1171875,30.88676376637763
2025-06-18,3389.800048828125,104883.328125,30.94085981893204
2025-06-20,3368.10009765625,103309.6015625,30.672960591162283
2025-06-23,3377.699951171875,105577.7734375,31.257297854674853
2025-06-24,3317.39990234375,106045.6328125,31.96649060536191
2025-06-25,3327.10009765625,107361.2578125,32.268718902725475
2025-06-26,3333.5,106960.0,32.086395680215986
2025-06-27,3273.699951171875,107088.4296875,32.71174245799953
2025-06-30,3294.39990234375,107135.3359375,32.52044047878954
2025-07-01,3336.699951171875,105698.28125,31.677490573546457
2025-07-02,3348.0,108859.3203125,32.51473127613501
2025-07-03,3331.60009765625,109647.9765625,32.911505987659304
2025-07-04,3332.5,108034.3359375,32.41840538259565
2025-07-07,3332.199951171875,108299.8515625,32.50100628697653
2025-07-08,3307.0,108950.2734375,32.945350298609014
2025-07-09,3311.60009765625,111326.5546875,33.61714923438074
2025-07-10,3317.39990234375,115987.203125,34.963286471147114
2025-07-11,3356.0,117516.9921875,35.01698217744339
2025-07-14,3351.5,119849.703125,35.760018834850065
2025-07-15,3329.800048828125,117777.1875,35.37064861941184
2025-07-16,3352.5,118738.5078125,35.41789942207308
2025-07-17,3340.10009765625,119289.84375,35.714451741642634
2025-07-18,3353.0,118003.2265625,35.19332733745899
2025-07-21,3401.89990234375,117439.5390625,34.521750325925126
2025-07-22,3439.199951171875,119995.4140625,34.89050237442947
2025-07-23,3394.10009765625,118754.9609375,34.988644271129374
2025-07-24,3371.0,118368.0,35.11361613764461
2025-07-25,3334.0,117635.8828125,35.28370810212957
2025-07-28,3309.10009765625,117924.4765625,35.63641868858028
2025-07-29,3323.39990234375,117922.1484375,35.48238307232848
2025-07-30,3295.800048828125,117831.1875,35.751922372201186
2025-07-31,3293.199951171875,115758.203125,35.15067558646349
2025-08-01,3347.699951171875,113320.0859375,33.850132207288134
2025-08-04,3374.39990234375,115071.8828125,34.10143614945424
2025-08-05,3381.89990234375,114141.4453125,33.75068707190205
2025-08-06,3380.0,115028.0,34.03195266272189
2025-08-07,3400.300048828125,117496.8984375,34.554861850498746
2025-08-08,3439.10009765625,116688.7265625,33.93001751883392
2025-08-11,3353.10009765625,118731.4453125,35.40945449123064
2025-08-12,3348.89990234375,120172.90625,35.88429327669549
2025-08-13,3358.699951171875,123344.0625,36.7237515387358
2025-08-14,3335.199951171875,118359.578125,35.48800067696466
2025-08-15,3336.0,117398.3515625,35.19135238684053
2025-08-18,3331.699951171875,116252.3125,34.89279172907212
2025-08-19,3313.39990234375,112831.1796875,34.052991794829325
2025-08-20,3343.39990234375,114274.7421875,34.17920246614606
2025-08-21,3336.89990234375,112419.03125,33.68966242320899
2025-08-22,3374.39990234375,116874.0859375,34.635517223765625
2025-08-25,3373.800048828125,110124.3515625,32.641042731845126
2025-08-26,3388.60009765625,111802.65625,32.99375937790037
2025-08-27,3404.60009765625,111222.0625,32.66817226979639
2025-08-28,3431.800048828125,112544.8046875,32.79468590424762
2025-08-29,3473.699951171875,108410.8359375,31.209038622039564
2025-09-02,3549.39990234375,111200.5859375,31.32940468727452
2025-09-03,3593.199951171875,111723.2109375,31.092956822807185
2025-09-04,3565.800048828125,110723.6015625,31.05154524827844
2025-09-05,3613.199951171875,110650.984375,30.624096609741287
2025-09-08,3638.10009765625,112071.4296875,30.804932981283024
2025-09-09,3643.300048828125,111530.546875,30.612506623184668
2025-09-10,3643.60009765625,113955.359375,31.27548477350792
2025-09-11,3636.89990234375,115507.5390625,31.759889511411288
2025-09-12,3649.39990234375,116101.578125,31.8138820715253
2025-09-15,3682.199951171875,115444.875,31.35214723015224
2025-09-16,3688.89990234375,116843.1875,31.67426349133612
2025-09-17,3681.800048828125,116468.5078125,31.633577670675137
2025-09-18,3643.699951171875,117137.203125,32.14787295735663
2025-09-19,3671.5,115688.859375,31.50997123110445
2025-09-22,3740.699951171875,112748.5078125,30.14101886925694
2025-09-23,3780.60009765625,112014.5,29.62876186493314
2025-09-24,3732.10009765625,113328.6328125,30.36591459153792
2025-09-25,3736.89990234375,109049.2890625,29.181752766271654
2025-09-26,3775.300048828125,109712.828125,29.060690993039216
2025-09-29,3820.89990234375,114400.3828125,29.940690867700173
2025-09-30,3840.800048828125,114056.0859375,29.69591868556133
2025-10-01,3867.5,118648.9296875,30.6784562863607
2025-10-02,3839.699951171875,120681.2578125,31.42986674666288
2025-10-03,3880.800048828125,122266.53125,31.50549621512206
2025-10-06,3948.5,124752.53125,31.59491737368621
2025-10-07,3976.60009765625,121451.3828125,30.541512807405923
2025-10-08,4043.300048828125,123354.8671875,30.508462319844927
2025-10-09,3946.300048828125,121705.5859375,30.840428865423227
2025-10-10,3975.89990234375,113214.3671875,28.4751553027684
2025-10-13,4108.60009765625,115271.078125,28.05604716573812
2025-10-14,4138.7001953125,113118.6640625,27.33193000802968
2025-10-15,4176.89990234375,110783.1640625,26.522819950829355
2025-10-16,4280.2001953125,108186.0390625,25.275929658846547
2025-10-17,4189.89990234375,106467.7890625,25.41058057328385
2025-10-20,4336.39990234375,110588.9296875,25.5024749049848
2025-10-21,4087.699951171875,108476.890625,26.53739068932921
2025-10-22,4044.39990234375,107688.5859375,26.626591963641857
2025-10-23,4125.5,110069.7265625,26.68033609562477
2025-10-24,4118.39990234375,111033.921875,26.96045175501569
2025-10-27,4001.89990234375,114119.328125,28.516287490890253
2025-10-28,3966.199951171875,112956.1640625,28.47969478420405
2025-10-29,3983.699951171875,110055.3046875,27.62640410584269
2025-10-30,4001.300048828125,108305.546875,27.06758942177301
2025-10-31,3982.199951171875,109556.1640625,27.51146738130515
2025-11-03,4000.300048828125,106547.5234375,26.6348829180233
2025-11-04,3947.699951171875,101590.5234375,25.734104591039863
2025-11-05,3980.300048828125,103891.8359375,26.10150859558633
2025-11-06,3979.89990234375,101301.2890625,25.45322534439723
2025-11-07,3999.39990234375,103372.40625,25.84697924041583
2025-11-10,4111.7998046875,105996.59375,25.77863679772605
2025-11-11,4106.7998046875,102997.46875,25.079739370893783
2025-11-12,4204.39990234375,101663.1875,24.180189768182537
2025-11-13,4186.89990234375,99697.4921875,23.811768734115464
2025-11-14,4087.60009765625,94397.7890625,23.09369478600068
2025-11-17,4068.300048828125,92093.875,22.63694267745263
2025-11-18,4061.300048828125,92948.875,22.88648311685813
2025-11-19,4077.699951171875,91465.9921875,22.430780411200665
2025-11-20,4056.5,86631.8984375,21.35631663687908
2025-11-21,4076.699951171875,85090.6875,20.87244303460207
2025-11-24,4091.89990234375,88270.5625,21.572023902500785
2025-11-25,4139.2001953125,87341.890625,21.101151551913738
2025-11-26,4165.2001953125,90518.3671875,21.732056790300025
2025-11-28,4218.2998046875,90919.265625,21.55353337474208
2025-12-01,4239.2998046875,86321.5703125,20.36222354858037
2025-12-02,4186.60009765625,91350.203125,21.81966297094863
2025-12-03,4199.2998046875,93527.8046875,22.27223800098742
2025-12-04,4211.7998046875,92141.625,21.877019154009048
2025-12-05,4212.89990234375,89387.7578125,21.217631532800286
2025-12-08,4187.2001953125,90640.203125,21.64697145994361
2025-12-09,4206.7001953125,92691.7109375,22.034303999316567
2025-12-10,4196.39990234375,92020.9453125,21.92854528976253
2025-12-11,4285.5,92511.3359375,21.58705773830358
2025-12-12,4300.10009765625,90270.4140625,20.99263087194214
2025-12-15,4306.7001953125,86419.78125,20.066356451758832
2025-12-16,4304.5,87843.984375,20.40747691369497
2025-12-17,4347.5,86143.7578125,19.81455038815411
2025-12-18,4339.5,85462.5078125,19.694090981103813
2025-12-19,4361.39990234375,88103.3828125,20.20071187811844
2025-12-22,4444.60009765625,88490.015625,19.90955624369064
2025-12-23,4482.7998046875,87414.0,19.499867004677384
2025-12-24,4480.60009765625,87611.9609375,19.553622065787305
2025-12-26,4529.10009765625,87301.4296875,19.275667970482115
2025-12-29,4325.10009765625,87138.140625,20.147080681952243
2025-12-30,4370.10009765625,88430.1328125,20.23526483064459
2025-12-31,4325.60009765625,87508.828125,20.23044806486275
2026-01-02,4314.39990234375,89944.6953125,20.84755640376279
2026-01-05,4436.89990234375,93882.5546875,21.159493509850748
2026-01-06,4482.2001953125,93729.03125,20.911388863893706
2026-01-07,4449.2998046875,91308.0546875,20.521893038384068
2026-01-08,4449.7001953125,91027.125,20.456911927660155
2026-01-09,4490.2998046875,90513.1015625,20.15747399940018
2026-01-12,4604.2998046875,91192.9921875,19.80605000887629
2026-01-13,4589.2001953125,95321.78125,20.770891918675407
2026-01-14,4626.2998046875,96929.328125,20.951804296554325
2026-01-15,4616.2998046875,95551.1875,20.698652934754165
2026-01-16,4588.39990234375,95525.1171875,20.81882992341314
2026-01-20,4759.60009765625,88310.90625,18.55427019876871
2026-01-21,4831.7998046875,89376.9609375,18.497653990298243
2026-01-22,4908.7998046875,89462.453125,18.22491376396542
2026-01-23,4976.2001953125,89503.875,17.98638951148131
2026-01-26,5079.7001953125,88267.140625,17.376446882918817
2026-01-27,5079.89990234375,89102.5703125,17.540221662909165
2026-01-28,5301.60009765625,89184.5703125,16.82219870788199
2026-01-29,5318.39990234375,84561.5859375,15.899817142414358
2026-01-30,4713.89990234375,84128.65625,17.84693311119552
2026-02-02,4622.5,78688.765625,17.022988777717686
2026-02-03,4903.7001953125,75633.546875,15.423770594152336
2026-02-04,4920.39990234375,73019.703125,14.840196848678556
2026-02-05,4861.39990234375,62702.09765625,12.897950984452118
2026-02-06,4951.2001953125,70555.390625,14.250159121377807
2026-02-09,5050.89990234375,70120.78125,13.8828293186848
2026-02-10,5003.7998046875,68793.9609375,13.748343983117518
2026-02-11,5071.60009765625,66991.96875,13.20923721508704
2026-02-12,4923.7001953125,66221.84375,13.44960926196218
2026-02-13,5022.0,68857.84375,13.711239297092792
2026-02-17,4882.89990234375,67494.21875,13.822568576022489
2026-02-18,4986.5,66425.3203125,13.321030845783616
2026-02-19,4975.89990234375,66957.5234375,13.456364627825742
2026-02-20,5080.89990234375,68005.421875,13.384523053412256
2026-02-24,5148.5,64200.859375,12.469818272312324
2026-02-25,5186.60009765625,68140.4375,13.13778510334577
2026-02-26,5201.0,67580.8671875,12.993821801095944
2026-02-27,5230.5,65881.796875,12.595697710543924
2026-03-01,5360.7998046875,65650.0859375,12.246322998313676
2026-03-02,5349.10009765625,68855.28125,12.872311228606376
2026-03-03,5133.7001953125,68533.8828125,13.349802326804593
2026-03-04,5162.60009765625,72365.1640625,14.017193409063932
2026-03-05,5108.7001953125,70876.453125,13.87367635901454
2026-03-06,5146.10009765625,68136.4921875,13.240413302207669
2026-03-08,5112.2001953125,66440.234375,12.996406994374096
2026-03-09,5158.5,68616.0,13.301541145681885
2026-03-10,5199.39990234375,69901.734375,13.4441927314516
2026-03-11,5158.10009765625,70336.90625,13.636204206653504
2026-03-12,5102.10009765625,70554.875,13.828594823612098
2026-03-13,5052.5,70968.265625,14.046168357248886
2026-03-15,4988.10009765625,72450.0078125,14.5245697548335
2026-03-16,5013.10009765625,74720.0390625,14.904956535265171
2026-03-17,5003.7001953125,74075.6953125,14.804183388504091
2026-03-18,4839.39990234375,71326.703125,14.73874954835951
2026-03-19,4646.0,70022.5546875,15.0715787101808
2026-03-20,4570.39990234375,70522.5859375,15.430287818213731
2026-03-22,4487.60009765625,68064.1640625,15.167163423953047
2026-03-23,4442.39990234375,70657.109375,15.905166335368024
2026-03-24,4511.39990234375,70719.5625,15.675746781671908
2026-03-25,4504.7998046875,71259.140625,15.81849221154086
2026-03-26,4394.5,68720.78125,15.63790675844806
2026-03-27,4492.0,66338.375,14.768115538735527
2026-03-29,4496.89990234375,65835.7734375,14.64025770357639
2026-03-30,4536.39990234375,66630.59375,14.687989415477904
2026-03-31,4713.89990234375,68290.6640625,14.487084044475765
2026-04-01,4807.7998046875,68071.5625,14.158568423259162
2026-04-02,4651.5,66888.5703125,14.38000006718263
2026-04-05,4640.2001953125,68962.671875,14.862003571454878
2026-04-06,4680.7001953125,68768.015625,14.691822324759856
2026-04-07,4840.2998046875,72062.703125,14.888066035746832
2026-04-08,4735.39990234375,71081.9296875,15.010755406807045
2026-04-09,4783.7001953125,71809.8125,15.011353046406567
2026-04-10,4761.89990234375,72979.046875,15.325615483660332
2026-04-12,4676.10009765625,70605.96875,15.09932791759292
2026-04-13,4785.0,74532.0859375,15.576193508359456
2026-04-14,4862.39990234375,74170.0703125,15.253798906327903
2026-04-15,4844.0,74839.9921875,15.450039675371594
2026-04-16,4815.39990234375,75087.640625,15.593230499600535
2026-04-17,4857.60009765625,77126.875,15.877567821446036
2026-04-19,4813.2998046875,73856.3515625,15.34422424519951
2026-04-20,4844.0,75895.28125,15.66789456028076
2026-04-21,4750.89990234375,76043.0390625,16.006028463151974
2026-04-22,4742.10009765625,78271.25,16.505608989292533
2026-04-23,4712.2998046875,78275.0,16.610785231053622
2026-04-24,4722.2998046875,77455.3125,16.402031997865844
2026-04-26,4691.10009765625,78752.796875,16.787703360741798
2026-04-27,4675.39990234375,77366.625,16.547595203827715
2026-04-28,4609.60009765625,76422.03125,16.57888528960609
2026-04-29,4545.2001953125,75776.1328125,16.67168211658719
2026-04-30,4645.39990234375,76282.65625,16.421117202743517
2026-05-01,4629.89990234375,78179.0,16.885678232573493
2026-05-03,4625.2998046875,78550.0234375,16.98268798876424
2026-05-04,4532.39990234375,80305.7109375,17.718143294454908
2026-05-05,4555.7998046875,80927.0546875,17.76352301614164
2026-05-06,4708.60009765625,81437.8515625,17.295554915151204
2026-05-07,4696.0,79610.453125,16.952822215715504
2026-05-08,4720.39990234375,80186.765625,16.987282281991842
2026-05-10,4705.60009765625,82127.8515625,17.45321528776021
2026-05-11,4750.39990234375,81804.6171875,17.220574871420673
2026-05-12,4677.60009765625,80477.4921875,17.204867989425583
2026-05-13,4696.60009765625,79241.78125,16.872158498132325
2026-05-14,4655.39990234375,81345.2421875,17.473309252454754
